word,top_neighbors
neodpustím,troji:14.932; čtveru:14.932; nešlechetnost:14.347; hospodin:9.303
troji,neodpustím:14.932; čtveru:14.932; nešlechetnost:14.347; hospodin:9.303
čtveru,neodpustím:14.932; troji:14.932; nešlechetnost:14.347; hospodin:9.303
nevyhnal,obyvatelů:14.932
obyvatelů,nevyhnal:14.932
páliti,spokojující:14.902; vůně:14.709; ohnivou:14.54; oltáři:13.902; oběť:12.288; kněz:12.037; hospodin:9.303
spokojující,páliti:14.902; vůně:14.709; ohnivou:14.277; oltáři:13.902; oběť:12.288; kněz:11.774; hospodin:9.303
dobytka,volů:14.762
volů,dobytka:14.762
obilé,olej:14.762; mest:14.499
olej,obilé:14.762
jitro,večer:14.762; den:10.866
večer,jitro:14.762; den:10.281
vůně,páliti:14.709; spokojující:14.709; ohnivou:14.084; oltáři:13.709; oběť:11.873; kněz:11.581; hospodin:8.887
stříbro,zlato:14.639
zlato,stříbro:14.639
ohnivou,páliti:14.54; spokojující:14.277; vůně:14.084; oltáři:13.277; oběť:12.118; kněz:11.674; hospodin:9.303
mest,obilé:14.499
čem,říkáte:14.499
říkáte,čem:14.499; hospodin:9.133
paláce,zžíře:14.472; pošli:13.357; oheň:12.422
zžíře,paláce:14.472; pošli:14.009; oheň:13.074
stánku,úmluvy:14.388
úmluvy,stánku:14.388
nešlechetnost,neodpustím:14.347; troji:14.347; čtveru:14.347; hospodin:8.718
dvě,stě:14.347
stě,dvě:14.347
porodila,počala:14.277; syn:9.674
počala,porodila:14.277; syn:9.774
aggea,proroka:14.125; hospodin:9.303
proroka,aggea:14.125; hospodin:7.817
jmen,čeledech:14.125; dvadcítiletých:14.106; výše:14.009; domích:13.932; rodiny:13.884; počtu:13.844; boji:13.772; otců:13.177; mohli:13.153; jíti:13.062
čeledech,jmen:14.125; dvadcítiletých:13.999; výše:13.902; domích:13.825; rodiny:13.777; počtu:13.737; boji:13.665; otců:13.07; mohli:13.047; jíti:12.955
dvadcítiletých,výše:14.125; jmen:14.106; čeledech:13.999; boji:13.887; rodiny:13.861; domích:13.806; počtu:13.719; mohli:13.269; jíti:13.177; otců:13.051
výše,dvadcítiletých:14.125; jmen:14.009; čeledech:13.902; boji:13.835; rodiny:13.777; domích:13.709; počtu:13.622; mohli:13.199; jíti:13.125; otců:12.955
kralovati,seděti:14.084; stolici:13.084; syn:9.411
seděti,kralovati:14.084; stolici:13.739
pošli,zžíře:14.009; paláce:13.357; oheň:11.958
apoštol,vůli:13.987; pavel:13.472; kristus:10.688; ježíš:10.675; boží:10.631
vůli,apoštol:13.987; pavel:13.277; boží:11.283; kristus:10.492; ježíš:10.328
nátan,prorok:13.987; král:10.199
prorok,nátan:13.987
slunce,východu:13.968
východu,slunce:13.968
asvera,vasti:13.932; král:10.684
vasti,asvera:13.932; král:10.684
domích,jmen:13.932; čeledech:13.825; dvadcítiletých:13.806; výše:13.709; rodiny:13.584; počtu:13.545; boji:13.472; otců:12.877; mohli:12.854; jíti:12.762
oltáři,páliti:13.902; spokojující:13.902; vůně:13.709; ohnivou:13.277; oběť:11.651; kněz:11.622; hospodin:8.665
boji,dvadcítiletých:13.887; výše:13.835; jmen:13.772; rodiny:13.665; čeledech:13.665; domích:13.472; počtu:13.385; jíti:13.11; mohli:13.032; otců:12.718
rodiny,jmen:13.884; dvadcítiletých:13.861; výše:13.777; čeledech:13.777; boji:13.665; domích:13.584; počtu:13.496; mohli:13.047; jíti:12.955; otců:12.829
ovoce,strom:13.861; země:9.267; bůh:8.262
strom,ovoce:13.861
počtu,jmen:13.844; čeledech:13.737; dvadcítiletých:13.719; výše:13.622; domích:13.545; rodiny:13.496; boji:13.385; otců:12.79; mohli:12.766; jíti:12.674
stolici,seděti:13.739; kralovati:13.084; král:9.269; hospodin:7.624
měsíce,čtvrtého:13.684; dvadcátého:13.684; téhož:13.199; léta:12.968; řkoucí:12.568; druhého:12.514; den:10.318; slovo:9.906; král:9.021; syn:8.596
čtvrtého,měsíce:13.684; den:10.866
dvadcátého,měsíce:13.684; den:10.38
pavel,timoteus:13.54; apoštol:13.472; vůli:13.277; kristus:10.508; ježíš:10.343; boží:9.921
timoteus,pavel:13.54; kristus:10.755; ježíš:10.591
izraelským,synům:13.446
synům,izraelským:13.446; hospodin:7.887
kralování,léta:13.408
léta,kralování:13.408; měsíce:12.968; druhého:12.408; král:9.745; den:9.664; slovo:9.408; syn:8.543; hospodin:7.779
sta,čtyři:13.347
čtyři,sta:13.347
jistý,čas:13.347
čas,jistý:13.347; hospodin:7.303
dcery,sionské:13.277
sionské,dcery:13.277
mohli,dvadcítiletých:13.269; výše:13.199; jmen:13.153; rodiny:13.047; čeledech:13.047; boji:13.032; domích:12.854; počtu:12.766; jíti:12.684; otců:12.099
téhož,měsíce:13.199; den:10.38
otců,jmen:13.177; čeledech:13.07; dvadcítiletých:13.051; výše:12.955; domích:12.877; rodiny:12.829; počtu:12.79; boji:12.718; mohli:12.099; jíti:12.007
jíti,dvadcítiletých:13.177; výše:13.125; boji:13.11; jmen:13.062; rodiny:12.955; čeledech:12.955; domích:12.762; mohli:12.684; počtu:12.674; otců:12.007
set,šest:13.162; pět:12.873; čtyřidceti:12.873; tisíce:12.832; tisíc:12.231; sedm:11.932; tři:11.61; synů:10.873; pokolení:10.844
šest,set:13.162; tisíce:12.762; synů:10.44
oheň,sežral:13.074; zžíře:13.074; paláce:12.422; pošli:11.958; dříví:11.308
sežral,oheň:13.074
pět,set:12.873
čtyřidceti,set:12.873
tisíce,set:12.832; šest:12.762; dva:12.145
pokolení,tisíců:12.622; set:10.844; země:7.723; syn:7.494; bůh:7.244
tisíců,pokolení:12.622
řkoucí,měsíce:12.568; slovo:11.347; den:9.487; hospodin:9.303
mužů,padesáte:12.553
padesáte,mužů:12.553; synů:10.646
druhého,měsíce:12.514; léta:12.408; den:10.018; hospodin:7.455
mnou,přede:12.414; mluvil:10.744
přede,mnou:12.414
duše,miluje:12.383; tuto:11.853; hospodin:7.409
miluje,duše:12.383
věky,věků:12.329; amen:12.303; buď:10.455; král:8.251; bůh:7.799; hospodin:6.87
věků,věky:12.329
světlo,tma:12.309; den:8.927; bůh:8.223
tma,světlo:12.309
amen,věky:12.303; bůh:8.609
oběť,páliti:12.288; spokojující:12.288; ohnivou:12.118; obětovati:12.107; vůně:11.873; suché:11.773; oltáři:11.651; obětoval:11.636; olejem:11.44; kněz:9.786
tisíc,set:12.231
hospodinovy,tváři:12.231
tváři,hospodinovy:12.231; hospodin:7.303
knížatům,všechněm:12.177
všechněm,knížatům:12.177; svatým:11.177; ježíš:8.38
bláznovství,moudrost:12.161
moudrost,bláznovství:12.161; umění:11.881; boží:8.805; kristus:8.014; bůh:7.462
dva,tisíce:12.145; synů:10.309
jednoho,každého:12.11; den:9.018
každého,jednoho:12.11; domu:9.887
obětovati,oběť:12.107; hospodin:8.385
všech,rodiny:12.097; jmen:11.963; dvadcítiletých:11.941; výše:11.856; čeledech:11.856; boji:11.745; počtu:11.701; domích:11.663; mohli:11.126; otců:11.034
kněz,páliti:12.037; spokojující:11.774; ohnivou:11.674; oltáři:11.622; vůně:11.581; oběť:9.786; lidu:9.224; zástupů:8.967; syn:8.394; král:8.012
bratří,milí:12.02; moji:10.843; ježíš:8.387; pán:8.084
milí,bratří:12.02
dnů,judského:11.987; slovo:9.125; král:9.047; syn:8.452; hospodin:7.817
judského,dnů:11.987; král:10.225; syn:9.385; hospodin:8.165
srdci,svém:11.984
svém,srdci:11.984; všecky:9.11; syn:7.296
mojžíš,služebník:11.955; země:8.904
služebník,mojžíš:11.955; kristus:8.907; bůh:7.677
milost,nalezla:11.932; pokoj:10.932; otec:9.771; ježíš:9.62; milosrdenství:9.3; pán:9.095; kristus:8.978; bůh:8.332; boží:8.091; syn:6.581
nalezla,milost:11.932
sedm,set:11.932
synů,jmen:11.91; čeledech:11.803; dvadcítiletých:11.762; rodiny:11.677; výše:11.677; domích:11.61; izraelských:11.578; boji:11.566; počtu:11.522; mohli:10.947
jeden,každý:11.89
každý,jeden:11.89; bůh:6.981; hospodin:6.537
buď,živ:11.887; věky:10.455; král:8.447; kristus:8.255; pán:7.981; bůh:7.025
živ,buď:11.887; král:9.684
umění,moudrost:11.881
tuto,duše:11.853; hospodin:8.772
soudu,spravedlnost:11.774
spravedlnost,soudu:11.774
suché,oběť:11.773; bůh:8.747
tyto,věci:11.719
věci,tyto:11.719; nic:9.719; všecky:9.346; země:7.346; bůh:6.604; hospodin:5.897
sem,tam:11.665
tam,sem:11.665; hospodin:7.08
obětoval,oběť:11.636; hospodin:8.428
tři,set:11.61; den:9.351
izraelských,synů:11.578
olejem,oběť:11.44
slovo,řkoucí:11.347; slyšte:10.209; měsíce:9.906; počátku:9.861; léta:9.408; dnů:9.125; pravda:8.869; boží:8.38; hospodin:7.965; syn:7.844
duch,svatého:11.325; svatým:10.325; moci:9.325; evangelium:8.946; pán:8.003; kristus:7.692; slovo:7.646; ježíš:6.849; bůh:6.784; syn:6.296
svatého,duch:11.325
dříví,oheň:11.308
boží,vůli:11.283; apoštol:10.631; pavel:9.921; svědectví:9.921; moudrost:8.805; evangelium:8.805; ježíš:8.557; kristus:8.551; nebe:8.506; slovo:8.38
svatým,všechněm:11.177; duch:10.325; ježíš:9.491; kristus:9.463; pán:8.966
vaší,víra:11.084; hospodin:7.525
víra,vaší:11.084; láska:11.051; ježíš:8.928; kristus:8.852; pán:8.288; bůh:7.621
láska,víra:11.051; pán:8.756; ježíš:8.643; kristus:8.545; bůh:7.577
pokoj,milost:10.932; otec:10.503; milosrdenství:10.212; ježíš:9.725; pán:9.616; bůh:8.66; kristus:8.475
domu,královského:10.91; každého:9.887; král:7.947; hospodin:7.718; země:7.167; bůh:7.162
královského,domu:10.91; král:9.984
den,čtvrtého:10.866; jitro:10.866; téhož:10.38; dvadcátého:10.38; měsíce:10.318; večer:10.281; prvního:10.188; noc:10.058; druhého:10.018; léta:9.664
moji,bratří:10.843
dobrý,viděl:10.837; zlý:10.518; bůh:8.162; země:8.03; hospodin:6.58
viděl,dobrý:10.837; bůh:8.059; syn:7.723
kristus,timoteus:10.755; apoštol:10.688; pavel:10.508; bratr:10.492; vůli:10.492; ježíš:10.068; mrtvých:9.978; naděje:9.599; svatým:9.463; nebyl:9.212
mluvil,mnou:10.744; anděl:10.601; hospodin:7.758; syn:7.452; bůh:6.94
nade,všecky:10.711; bůh:8.384
všecky,nade:10.711; království:9.641; věci:9.346; svém:9.11; všech:8.668; král:7.633; hospodin:6.252; bůh:6.211
král,asvera:10.684; vasti:10.684; královna:10.421; judského:10.225; nátan:10.199; žen:10.199; rozkázal:10.032; davidovi:10.006; královského:9.984; sen:9.947
ježíš,apoštol:10.675; timoteus:10.591; zjevení:10.45; pavel:10.343; bratr:10.328; vůli:10.328; spasitele:10.298; mrtvých:10.076; kristus:10.068; pokoj:9.725
anděl,mluvil:10.601; pán:8.764; hospodin:7.949
zlý,dobrý:10.518; země:8.705; bůh:8.252; hospodin:8.156
otec,pokoj:10.503; milost:9.771; milosrdenství:9.73; šalomoun:9.684; ježíš:9.372; pán:9.156; bůh:8.669; kristus:8.537; syn:8.181; král:6.758
bratr,kristus:10.492; ježíš:10.328
zjevení,ježíš:10.45
královna,král:10.421
spasitele,ježíš:10.298; bůh:9.232
vyvedl,země:10.267; hospodin:8.817
země,vyvedl:10.267; egyptské:10.167; dědičně:9.614; slyšte:9.351; tváří:9.319; ovoce:9.267; místa:9.226; hory:9.167; poušti:8.904; mojžíš:8.904
syn,člověčí:10.259; izraelští:10.09; počala:9.774; aronovi:9.774; porodila:9.674; jozue:9.522; kralovati:9.411; šalomouna:9.411; davida:9.411; judského:9.385
člověčí,syn:10.259
milosrdenství,pokoj:10.212; otec:9.73; milost:9.3; pán:9.071; ježíš:8.859; bůh:8.378; hospodin:7.808; syn:7.627
slyšte,slovo:10.209; země:9.351; hospodin:8.65
žen,král:10.199
prvního,den:10.188; hospodin:8.624
egyptské,země:10.167
izraelští,syn:10.09; hospodin:8.455
mrtvých,ježíš:10.076; kristus:9.978
noc,den:10.058; bůh:7.94
rozkázal,král:10.032
davidovi,král:10.006
sen,král:9.947
svědectví,boží:9.921
smrt,život:9.873; hospodin:7.348
život,smrt:9.873; hospodin:7.198; bůh:6.643
počátku,slovo:9.861
šalomouna,král:9.836; syn:9.411
davida,král:9.836; syn:9.411
aronovi,syn:9.774
nic,věci:9.719; hospodin:6.817
šalomoun,otec:9.684; král:9.169; syn:8.522; hospodin:7.566
oblíčej,král:9.684
království,všecky:9.641; král:8.514; bůh:7.314; hospodin:7.133
pán,pokoj:9.616; ježíš:9.339; otec:9.156; milost:9.095; milosrdenství:9.071; svatým:8.966; tvého:8.966; anděl:8.764; láska:8.756; oblíčejem:8.703
dědičně,země:9.614
naděje,kristus:9.599; bůh:8.632
bůh,díky:9.554; izraeli:9.484; dává:9.332; spasitele:9.232; job:9.069; suché:8.747; otec:8.669; pokoj:8.66; naděje:8.632; amen:8.609
díky,bůh:9.554
ustanovil,král:9.546
jozue,syn:9.522; hospodin:8.203
kterémž,den:9.487
izraeli,bůh:9.484
dává,bůh:9.332; hospodin:8.624
moci,duch:9.325
tváří,země:9.319; hospodin:7.455
hospodin,zástupů:9.303; panovník:9.303; aggea:9.303; řkoucí:9.303; vzbudil:9.303; neodpustím:9.303; troji:9.303; čtveru:9.303; vypléním:9.303; satanovi:9.303
zástupů,hospodin:9.303; kněz:8.967; syn:7.23; bůh:6.454
panovník,hospodin:9.303
vzbudil,hospodin:9.303
vypléním,hospodin:9.303
satanovi,hospodin:9.303
veliký,den:9.281; hospodin:7.981
místa,země:9.226
lidu,kněz:9.224; syn:7.487; bůh:7.197; hospodin:6.945
nebyl,kristus:9.212
hory,země:9.167
poslal,král:9.16; hospodin:8.364
job,bůh:9.069
dnes,syn:8.996; hospodin:8.525
tvého,pán:8.966; syn:8.259; hospodin:7.788
evangelium,duch:8.946; boží:8.805; kristus:8.277; ježíš:8.112; bůh:6.784
poušti,země:8.904; hospodin:7.981
pravda,slovo:8.869; kristus:8.014
nebe,země:8.867; boží:8.506; ježíš:7.813; hospodin:6.981; bůh:6.747
navraťte,hospodin:8.817
satan,hospodin:8.788
anna,hospodin:8.718
oblíčejem,pán:8.703
dal,země:8.635; bůh:8.362; král:8.129; hospodin:7.448
izraelský,hospodin:8.624
dílo,bůh:8.609
david,král:8.568; syn:8.144; hospodin:6.924
vydal,bůh:8.554
všecka,země:8.55; hospodin:7.101
jeruzalémě,král:8.546; bůh:7.873
jeruzaléma,král:8.546
pročež,král:8.537; hospodin:7.156
budiž,bůh:8.525; hospodin:7.817
slávu,bůh:8.484
odpovídaje,hospodin:8.455
elí,hospodin:8.455
silný,hospodin:8.455
národům,hospodin:8.455
němž,země:8.43; bůh:7.688
obyvatele,hospodin:8.428
bratra,syn:8.411
učinil,král:8.399; bůh:8.269; země:7.525; hospodin:7.477
krev,kristus:8.393; syn:7.674; hospodin:6.718
dítě,hospodin:8.303
vašich,hospodin:8.303
medle,hospodin:8.303
ruky,hospodin:8.303
jeruzalém,hospodin:8.303
duši,bůh:8.262
aniž,den:8.214; země:7.351; hospodin:7.303; bůh:7.095
jméno,syn:8.195; ježíš:7.874; pán:7.764; bůh:6.545; hospodin:6.364
jdi,hospodin:8.187
města,země:8.167
vší,země:8.167
všeho,bůh:8.162
ústa,hospodin:8.08
hoře,hospodin:8.08
izraelského,hospodin:8.039
zdaliž,hospodin:8.022; bůh:7.66
přišel,den:7.978
úst,hospodin:7.924
žeť,hospodin:7.924
knížata,hospodin:7.924
lidem,bůh:7.899; hospodin:7.455
řkouce,hospodin:7.887
člověka,bůh:7.873
odpověděl,hospodin:7.87
srdce,den:7.866; bůh:7.425; hospodin:7.303
muž,země:7.857; hospodin:7.156
hlavu,hospodin:7.817
eliáš,hospodin:7.817
lidé,hospodin:7.817
zajetí,hospodin:7.8
přišli,hospodin:7.779
všem,bůh:7.747
více,hospodin:7.718
vyšel,hospodin:7.718
kde,hospodin:7.718
prosím,hospodin:7.718
ním,král:7.714; hospodin:7.333; země:7.256
člověk,bůh:7.688; hospodin:7.244
vody,bůh:7.688
dům,syn:7.635; hospodin:7.552; bůh:7.345
slávy,bůh:7.609
zákon,hospodin:7.602
pravím,hospodin:7.586
tebou,hospodin:7.566
meč,hospodin:7.566
hlas,hospodin:7.466
ruku,hospodin:7.455
ode,hospodin:7.428
skutek,bůh:7.425
toliko,hospodin:7.364
lid,hospodin:7.333; země:7.256; syn:7.027; bůh:6.777
prostřed,hospodin:7.303
tvých,hospodin:7.303
potom,syn:7.296; hospodin:7.187
přikázal,hospodin:7.232
zase,hospodin:7.165
kdež,hospodin:7.101
žádného,hospodin:7.101
syny,hospodin:6.981
měl,bůh:6.94
