word1,word2,pair_count,pmi,ppmi,pmi2,ppmi2
kbelík,nádobce,3,16.614,16.614,6.937,6.937
jozadakův,salatielův,3,16.614,16.614,6.937,6.937
onychinový,vsazování,3,16.614,16.614,6.937,6.937
koltra,očkovatý,3,16.614,16.614,6.937,6.937
obrazový,sluneční,3,16.614,16.614,6.937,6.937
jatra,kryjící,3,16.199,16.199,6.522,6.522
chlupový,zbělet,4,16.199,16.199,6.937,6.937
jozadakov,salatielov,3,15.877,15.877,6.2,6.2
vedený,zabití,3,15.877,15.877,6.2,6.2
iškariotský,zradit,3,15.877,15.877,6.2,6.2
osnova,outek,5,15.877,15.877,6.937,6.937
humna,jebuzejský,3,15.784,15.784,6.107,6.107
smilstvo,udávený,3,15.784,15.784,6.107,6.107
dvadcítiletý,výše,3,15.614,15.614,5.937,5.937
koltra,přikrytí,3,15.614,15.614,5.937,5.937
očkovatý,přikrytí,3,15.614,15.614,5.937,5.937
pomezí,západní,3,15.614,15.614,5.937,5.937
jatra,slabina,4,15.614,15.614,6.352,6.352
kryjící,slabina,3,15.614,15.614,5.937,5.937
odjímat,všecken,3,15.614,15.614,5.937,5.937
slitina,terafim,3,15.614,15.614,5.937,5.937
biskupova,uťít,4,15.555,15.555,6.293,6.293
cherubín,křídlo,3,15.391,15.391,5.715,5.715
hudebný,nástroj,4,15.391,15.391,6.13,6.13
mužský,pohlaví,6,15.391,15.391,6.715,6.715
koltra,zastření,3,15.391,15.391,5.715,5.715
očkovatý,zastření,3,15.391,15.391,5.715,5.715
iškariotský,jidáš,3,15.391,15.391,5.715,5.715
pomaž,vylej,3,15.391,15.391,5.715,5.715
dvé,holoubátka,6,15.391,15.391,6.715,6.715
horlit,horlivost,3,15.391,15.391,5.715,5.715
balák,balám,5,15.351,15.351,6.411,6.411
ocas,přikrývající,4,15.292,15.292,6.03,6.03
biskupova,udeřit,4,15.292,15.292,6.03,6.03
udeřit,uťít,4,15.292,15.292,6.03,6.03
hluboký,černý,4,15.292,15.292,6.03,6.03
kožený,osnova,4,15.292,15.292,6.03,6.03
kožený,outek,4,15.292,15.292,6.03,6.03
banaiáš,joiadov,3,15.199,15.199,5.522,5.522
joiadov,sádocha,3,15.199,15.199,5.522,5.522
salatielov,zorobábel,3,15.199,15.199,5.522,5.522
jozadakův,zorobábel,3,15.199,15.199,5.522,5.522
salatielův,zorobábel,3,15.199,15.199,5.522,5.522
aman,kůň,3,15.199,15.199,5.522,5.522
jezevčí,červeno,3,15.199,15.199,5.522,5.522
svícení,červeno,3,15.199,15.199,5.522,5.522
droba,játra,3,15.199,15.199,5.522,5.522
droba,přikrývající,3,15.199,15.199,5.522,5.522
len,vlna,3,15.199,15.199,5.522,5.522
rytina,slitina,3,15.199,15.199,5.522,5.522
elí,sílo,3,15.14,15.14,5.463,5.463
tinecský,vrátní,3,15.14,15.14,5.463,5.463
holoubátka,hrdlička,5,15.128,15.128,6.189,6.189
joáb,sarvie,4,15.069,15.069,5.808,5.808
jidáš,zradit,4,15.069,15.069,5.808,5.808
vlas,černý,4,15.069,15.069,5.808,5.808
postavec,šarla,3,15.029,15.029,5.352,5.352
játra,přikrývající,4,15.029,15.029,5.767,5.767
východní,západní,3,15.029,15.029,5.352,5.352
jatra,ledvinka,4,15.029,15.029,5.767,5.767
jatra,střevo,4,15.029,15.029,5.767,5.767
kryjící,ledvinka,3,15.029,15.029,5.352,5.352
kryjící,střevo,3,15.029,15.029,5.352,5.352
spodek,vylej,3,15.029,15.029,5.352,5.352
hluboký,způsob,4,15.029,15.029,5.767,5.767
vrabce,yzopa,4,15.029,15.029,5.767,5.767
koza,samec,3,14.976,14.976,5.3,5.3
babylonský,sedechiáš,3,14.976,14.976,5.3,5.3
jezevčí,přikrytí,5,14.936,14.936,5.996,5.996
kož,přikrytí,5,14.936,14.936,5.996,5.996
cedrový,vrabce,5,14.936,14.936,5.996,5.996
cedrový,yzopa,5,14.936,14.936,5.996,5.996
achas,uriáš,5,14.906,14.906,5.966,5.966
dvé,hrdlička,5,14.906,14.906,5.966,5.966
banaiáš,joiadův,4,14.877,14.877,5.615,5.615
los,metat,4,14.877,14.877,5.615,5.615
ječmen,pšenice,4,14.877,14.877,5.615,5.615
brav,skot,4,14.877,14.877,5.615,5.615
modrý,postavec,9,14.877,14.877,6.785,6.785
dvakrát,červec,10,14.877,14.877,6.937,6.937
dvakrát,šarla,3,14.877,14.877,5.2,5.2
modrý,šarla,3,14.877,14.877,5.2,5.2
červec,šarla,3,14.877,14.877,5.2,5.2
koláč,oplatek,4,14.877,14.877,5.615,5.615
branice,játra,6,14.877,14.877,6.2,6.2
játra,ocas,3,14.877,14.877,5.2,5.2
odšít,zradit,3,14.877,14.877,5.2,5.2
branice,jatra,4,14.877,14.877,5.615,5.615
branice,kryjící,3,14.877,14.877,5.2,5.2
způsob,černý,3,14.877,14.877,5.2,5.2
aggea,zorobábel,3,14.784,14.784,5.107,5.107
podstavek,umyvadlo,6,14.784,14.784,6.107,6.107
podstavek,rošta,3,14.784,14.784,5.107,5.107
jezevčí,kož,6,14.784,14.784,6.107,6.107
pohostina,příchozí,3,14.784,14.784,5.107,5.107
koš,přesný,5,14.766,14.766,5.826,5.826
ledvinka,slabina,5,14.766,14.766,5.826,5.826
dřevo,vrabce,5,14.766,14.766,5.826,5.826
dřevo,yzopa,5,14.766,14.766,5.826,5.826
odejmout,odjímat,3,14.739,14.739,5.063,5.063
vrátní,zpěvák,4,14.707,14.707,5.445,5.445
branice,ledvinka,8,14.707,14.707,6.445,6.445
dobytč,volo,3,14.654,14.654,4.978,4.978
kterýkoli,osnova,3,14.654,14.654,4.978,4.978
kterýkoli,outek,3,14.654,14.654,4.978,4.978
chlebový,svícen,3,14.614,14.614,4.937,4.937
kotlík,ohark,3,14.614,14.614,4.937,4.937
lampa,utěradlo,3,14.614,14.614,4.937,4.937
svícen,utěradlo,3,14.614,14.614,4.937,4.937
patnáctý,svátek,3,14.614,14.614,4.937,4.937
hejtman,žoldnéř,3,14.614,14.614,4.937,4.937
kněžský,úřad,6,14.614,14.614,5.937,5.937
omočit,yzopa,3,14.614,14.614,4.937,4.937
oplatek,přesný,3,14.614,14.614,4.937,4.937
branice,přikrývající,5,14.614,14.614,5.674,5.674
milovat,návidět,3,14.614,14.614,4.937,4.937
naposmívat,obléci,3,14.614,14.614,4.937,4.937
cedrový,dřevo,6,14.614,14.614,5.937,5.937
dvakrát,vrabce,5,14.614,14.614,5.674,5.674
dvakrát,yzopa,5,14.614,14.614,5.674,5.674
vrabce,červec,5,14.614,14.614,5.674,5.674
yzopa,červec,5,14.614,14.614,5.674,5.674
rytina,terafim,4,14.614,14.614,5.352,5.352
olivový,vinice,4,14.555,14.555,5.293,5.293
branice,ocas,4,14.555,14.555,5.293,5.293
koláč,kvašený,4,14.555,14.555,5.293,5.293
barvený,červeno,3,14.498,14.498,4.822,4.822
barvený,dvakrát,10,14.498,14.498,6.559,6.559
barvený,červec,10,14.498,14.498,6.559,6.559
barvený,šarla,3,14.498,14.498,4.822,4.822
jordán,zastavit,3,14.498,14.498,4.822,4.822
jordán,nesoucí,3,14.498,14.498,4.822,4.822
jericho,jordán,3,14.498,14.498,4.822,4.822
popel,vysypat,3,14.462,14.462,4.785,4.785
jozadakov,zorobábel,3,14.462,14.462,4.785,4.785
přísaha,zaslíbit,3,14.462,14.462,4.785,4.785
branice,droba,3,14.462,14.462,4.785,4.785
divný,skutek,3,14.462,14.462,4.785,4.785
prašivina,rozmohnout,3,14.462,14.462,4.785,4.785
cedrový,dvakrát,6,14.462,14.462,5.785,5.785
cedrový,červec,6,14.462,14.462,5.785,5.785
ledvinka,střevo,6,14.444,14.444,5.767,5.767
slabina,střevo,4,14.444,14.444,5.182,5.182
játra,ledvinka,4,14.444,14.444,5.182,5.182
achas,damašek,3,14.391,14.391,4.715,4.715
damašek,uriáš,3,14.391,14.391,4.715,4.715
modlo,posekat,3,14.391,14.391,4.715,4.715
babylon,nabuchodonozor,4,14.391,14.391,5.13,5.13
přikrytí,zastření,3,14.391,14.391,4.715,4.715
držící,stráž,3,14.391,14.391,4.715,4.715
komůrka,půlnoc,3,14.391,14.391,4.715,4.715
babylonský,nabuchodonozor,4,14.391,14.391,5.13,5.13
muset,trpět,3,14.391,14.391,4.715,4.715
omoci,prst,3,14.391,14.391,4.715,4.715
prst,vylej,3,14.391,14.391,4.715,4.715
hrud,obracení,5,14.391,14.391,5.452,5.452
hluboký,vlas,3,14.391,14.391,4.715,4.715
vlas,způsob,3,14.391,14.391,4.715,4.715
kožený,kterýkoli,3,14.391,14.391,4.715,4.715
báň,ztížit,11,14.373,14.373,6.571,6.571
devátý,čtvrtý,3,14.324,14.324,4.648,4.648
koláč,přesný,6,14.292,14.292,5.615,5.615
hrnec,kotlík,3,14.292,14.292,4.615,4.615
háj,vysadit,3,14.292,14.292,4.615,4.615
helkiáš,safan,5,14.292,14.292,5.352,5.352
písař,safan,4,14.292,14.292,5.03,5.03
háj,posekat,7,14.292,14.292,5.838,5.838
koláč,koš,4,14.292,14.292,5.03,5.03
tinecský,zpěvák,3,14.292,14.292,4.615,4.615
branice,slabina,4,14.292,14.292,5.03,5.03
branice,střevo,6,14.292,14.292,5.615,5.615
ledvinka,ocas,3,14.292,14.292,4.615,4.615
ocas,střevo,3,14.292,14.292,4.615,4.615
dvakrát,dřevo,6,14.292,14.292,5.615,5.615
dřevo,červec,6,14.292,14.292,5.615,5.615
sedmdesát,ztížit,12,14.292,14.292,6.615,6.615
obraz,stroskotat,5,14.254,14.254,5.314,5.314
barvený,vrabce,5,14.235,14.235,5.296,5.296
barvený,yzopa,5,14.235,14.235,5.296,5.296
joiad,setník,4,14.221,14.221,4.96,4.96
pomaž,spodek,4,14.221,14.221,4.96,4.96
nátan,sádoch,4,14.199,14.199,4.937,4.937
banaiáš,sádocha,4,14.199,14.199,4.937,4.937
ohark,svícen,3,14.199,14.199,4.522,4.522
ctít,kůň,3,14.199,14.199,4.522,4.522
obrácený,řeka,3,14.199,14.199,4.522,4.522
sedící,trůn,3,14.199,14.199,4.522,4.522
dobytek,drobný,6,14.199,14.199,5.522,5.522
ostatek,vylej,3,14.199,14.199,4.522,4.522
cena,milostivý,3,14.199,14.199,4.522,4.522
melchisedechův,řád,8,14.199,14.199,5.937,5.937
nízký,strážný,3,14.169,14.169,4.492,4.492
posekat,stroskotat,3,14.169,14.169,4.492,4.492
komůrka,zevnitřní,3,14.169,14.169,4.492,4.492
přikrytí,sochor,4,14.154,14.154,4.893,4.893
vyslyšet,úzkost,3,14.14,14.14,4.463,4.463
plnit,slib,3,14.14,14.14,4.463,4.463
obracení,sem,9,14.14,14.14,6.048,6.048
dále,rozmohnout,3,14.14,14.14,4.463,4.463
rozmohnout,černý,3,14.14,14.14,4.463,4.463
mírka,obracení,3,14.14,14.14,4.463,4.463
otcovský,čeleď,11,14.111,14.111,6.309,6.309
kamení,onychinový,3,14.111,14.111,4.435,4.435
kamení,vsazování,3,14.111,14.111,4.435,4.435
měděný,rošta,4,14.111,14.111,4.85,4.85
volk,čtrnáct,8,14.111,14.111,5.85,5.85
efod,terafim,6,14.111,14.111,5.435,5.435
efod,slitina,3,14.111,14.111,4.435,4.435
lněný,oděný,3,14.083,14.083,4.407,4.407
barvený,cedrový,6,14.083,14.083,5.407,5.407
desátý,efi,4,14.069,14.069,4.808,4.808
hrud,plece,4,14.069,14.069,4.808,4.808
jezevčí,sochor,5,14.061,14.061,5.122,5.122
kož,sochor,5,14.061,14.061,5.122,5.122
báň,sedmdesát,11,14.051,14.051,6.249,6.249
zdélit,zšířit,10,14.029,14.029,6.089,6.089
palec,ucho,7,14.029,14.029,5.575,5.575
pomezí,východní,3,14.029,14.029,4.352,4.352
vrátný,zpěvák,4,14.029,14.029,4.767,4.767
ucho,uťít,5,14.029,14.029,5.089,5.089
ledvinka,přikrývající,3,14.029,14.029,4.352,4.352
přikrývající,střevo,3,14.029,14.029,4.352,4.352
holoubátka,osmý,3,14.029,14.029,4.352,4.352
stařec,zvíře,3,14.029,14.029,4.352,4.352
stroskotat,zbořit,5,14.013,14.013,5.073,5.073
posekat,zbořit,5,14.013,14.013,5.073,5.073
chvála,kvašený,3,14.002,14.002,4.326,4.326
biskupům,zradit,3,14.002,14.002,4.326,4.326
davidův,nařízení,3,13.976,13.976,4.3,4.3
nízký,práh,3,13.976,13.976,4.3,4.3
práh,strážný,3,13.976,13.976,4.3,4.3
rytina,stroskotat,3,13.976,13.976,4.3,4.3
ovce,samec,3,13.976,13.976,4.3,4.3
kraj,kroužek,6,13.976,13.976,5.3,5.3
kraj,obruba,3,13.976,13.976,4.3,4.3
los,rozdělit,3,13.976,13.976,4.3,4.3
jeremiáš,sedechiáš,3,13.976,13.976,4.3,4.3
hrst,pamětný,3,13.976,13.976,4.3,4.3
mest,obilý,4,13.97,13.97,4.708,4.708
chlebový,stůl,3,13.951,13.951,4.274,4.274
předložení,stůl,5,13.951,13.951,5.011,5.011
penězoměnec,stůl,3,13.951,13.951,4.274,4.274
ezdráš,učitel,4,13.932,13.932,4.67,4.67
barvený,dřevo,6,13.913,13.913,5.237,5.237
umýt,zpézt,4,13.913,13.913,4.652,4.652
koza,ovce,5,13.906,13.906,4.966,4.966
kraj,palec,5,13.906,13.906,4.966,4.966
lota,ztížit,11,13.903,13.903,6.101,6.101
zdélit,zvýšit,6,13.877,13.877,5.2,5.2
lampa,předložení,3,13.877,13.877,4.2,4.2
předložení,svícen,3,13.877,13.877,4.2,4.2
hospodinová,truhlý,5,13.877,13.877,4.937,4.937
trouba,troubíce,3,13.877,13.877,4.2,4.2
kristus,vykoupení,3,13.877,13.877,4.2,4.2
kroužek,náramenník,4,13.877,13.877,4.615,4.615
efi,hin,8,13.877,13.877,5.615,5.615
pozdvižení,vzhůru,4,13.877,13.877,4.615,4.615
beraní,trouba,4,13.877,13.877,4.615,4.615
biskupů,muset,3,13.877,13.877,4.2,4.2
právo,rod,3,13.877,13.877,4.2,4.2
večer,zpézt,3,13.877,13.877,4.2,4.2
pohledit,černý,5,13.877,13.877,4.937,4.937
jan,petr,3,13.877,13.877,4.2,4.2
držet,stráž,8,13.806,13.806,5.545,5.545
háj,stroskotat,5,13.806,13.806,4.867,4.867
bílý,sníh,3,13.806,13.806,4.13,4.13
náprsník,onychinový,3,13.806,13.806,4.13,4.13
náprsník,vsazování,3,13.806,13.806,4.13,4.13
náprsník,náramenník,10,13.806,13.806,5.867,5.867
kroužek,náprsník,8,13.806,13.806,5.545,5.545
východ,západ,3,13.806,13.806,4.13,4.13
nebeský,tvor,5,13.806,13.806,4.867,4.867
dvé,osmý,3,13.806,13.806,4.13,4.13
hrdlička,osmý,3,13.806,13.806,4.13,4.13
bálův,vedlo,3,13.806,13.806,4.13,4.13
dobytek,krmný,3,13.784,13.784,4.107,4.107
dobytek,ovec,3,13.784,13.784,4.107,4.107
aggea,řkoucí,3,13.784,13.784,4.107,4.107
jezevčí,svícení,3,13.784,13.784,4.107,4.107
jesua,zorobábel,3,13.784,13.784,4.107,4.107
desátka,msta,3,13.784,13.784,4.107,4.107
obyčej,čtrnáct,6,13.784,13.784,5.107,5.107
zvýšit,zšířit,7,13.777,13.777,5.323,5.323
jozadakov,týž,3,13.761,13.761,4.085,4.085
trouba,troubit,11,13.751,13.751,5.949,5.949
jozue,salatielov,3,13.739,13.739,4.063,4.063
jozue,nun,3,13.739,13.739,4.063,4.063
odejmout,všecken,3,13.739,13.739,4.063,4.063
mlout,rec,6,13.739,13.739,5.063,5.063
jesnat,vyhlazený,5,13.713,13.713,4.774,4.774
prst,sedmkrát,5,13.713,13.713,4.774,4.774
kniha,safan,4,13.707,13.707,4.445,4.445
háj,modlo,4,13.707,13.707,4.445,4.445
biskupova,ucho,4,13.707,13.707,4.445,4.445
bálův,zbořit,4,13.691,13.691,4.429,4.429
kozl,volový,11,13.675,13.675,5.873,5.873
volat,úzkost,3,13.654,13.654,3.978,3.978
mojžíšův,psaný,3,13.654,13.654,3.978,3.978
dnes,přikazovat,3,13.654,13.654,3.978,3.978
rci,člověčí,3,13.654,13.654,3.978,3.978
biskupů,jidáš,3,13.654,13.654,3.978,3.978
biskupů,trpět,3,13.654,13.654,3.978,3.978
uzřit,zavřít,3,13.654,13.654,3.978,3.978
báň,lota,10,13.65,13.65,5.711,5.711
lampa,svícen,6,13.614,13.614,4.937,4.937
přikázaní,ustanovení,3,13.614,13.614,3.937,3.937
joiady,proč,3,13.614,13.614,3.937,3.937
skot,velikonoční,3,13.614,13.614,3.937,3.937
kadění,setim,3,13.614,13.614,3.937,3.937
lampa,svícení,4,13.614,13.614,4.352,4.352
biskupovi,učedlník,3,13.614,13.614,3.937,3.937
ostatek,spodek,6,13.614,13.614,4.937,4.937
cena,drobný,3,13.614,13.614,3.937,3.937
hluboký,pohledit,5,13.614,13.614,4.674,4.674
pohledit,způsob,5,13.614,13.614,4.674,4.674
smrt,umrát,3,13.614,13.614,3.937,3.937
rtový,ústa,3,13.614,13.614,3.937,3.937
stříbrný,ztížit,12,13.614,13.614,5.937,5.937
anděl,srp,3,13.614,13.614,3.937,3.937
lota,sedmdesát,11,13.581,13.581,5.779,5.779
hněv,prchlivost,4,13.569,13.569,4.308,4.308
modrý,náramenník,4,13.555,13.555,4.293,4.293
apatykářský,dílo,3,13.555,13.555,3.878,3.878
rod,věčný,3,13.555,13.555,3.878,3.878
obracení,plece,4,13.555,13.555,4.293,4.293
mírka,sem,3,13.555,13.555,3.878,3.878
obracení,obracet,4,13.555,13.555,4.293,4.293
obracet,sem,6,13.555,13.555,4.878,4.878
pět,volový,11,13.555,13.555,5.753,5.753
prst,spodek,5,13.543,13.543,4.604,4.604
novměsíc,slavnost,4,13.526,13.526,4.265,4.265
síňka,vnitřní,3,13.517,13.517,3.84,3.84
dcera,manželka,3,13.517,13.517,3.84,3.84
desátý,čtvrtý,3,13.517,13.517,3.84,3.84
koza,mlout,3,13.517,13.517,3.84,3.84
biskupům,jidáš,3,13.517,13.517,3.84,3.84
právo,věčný,7,13.514,13.514,5.06,5.06
barvený,jezevčí,4,13.498,13.498,4.237,4.237
vonný,červeno,3,13.498,13.498,3.822,3.822
náprsník,řetízek,4,13.484,13.484,4.223,4.223
hrud,sem,4,13.484,13.484,4.223,4.223
dvanáct,jidáš,4,13.484,13.484,4.223,4.223
joiadův,sádoch,3,13.462,13.462,3.785,3.785
jozadakov,řkoucí,3,13.462,13.462,3.785,3.785
med,pšenice,3,13.462,13.462,3.785,3.785
kterak,posvátný,3,13.462,13.462,3.785,3.785
pohledit,pozčernalý,3,13.462,13.462,3.785,3.785
jezevčí,přikrýt,3,13.462,13.462,3.785,3.785
kož,přikrýt,3,13.462,13.462,3.785,3.785
provaz,příbytek,3,13.444,13.444,3.767,3.767
toliký,výborný,3,13.444,13.444,3.767,3.767
koltra,příbytek,3,13.444,13.444,3.767,3.767
očkovatý,příbytek,3,13.444,13.444,3.767,3.767
ucho,udeřit,4,13.444,13.444,4.182,4.182
jozadakov,jozue,4,13.417,13.417,4.156,4.156
dvadcít,zdélit,3,13.391,13.391,3.715,3.715
loket,zvýšit,10,13.391,13.391,5.452,5.452
muset,vstát,3,13.391,13.391,3.715,3.715
ostatek,pomaž,4,13.391,13.391,4.13,4.13
roh,vylej,3,13.391,13.391,3.715,3.715
milostivý,pole,3,13.391,13.391,3.715,3.715
msta,nový,4,13.391,13.391,4.13,4.13
báň,stříbrný,11,13.373,13.373,5.571,5.571
stůl,svícen,8,13.366,13.366,5.104,5.104
pátý,přidat,5,13.361,13.361,4.421,4.421
daria,měsíc,3,13.341,13.341,3.664,3.664
centnéř,stříbro,6,13.332,13.332,4.656,4.656
aggea,jozue,3,13.324,13.324,3.648,3.648
podlý,váha,3,13.324,13.324,3.648,3.648
nádobí,předložení,3,13.292,13.292,3.615,3.615
bethel,jeroboa,3,13.292,13.292,3.615,3.615
msta,obilý,4,13.292,13.292,4.03,4.03
daria,zástup,3,13.292,13.292,3.615,3.615
setim,zšířit,3,13.292,13.292,3.615,3.615
dvakrát,postavec,3,13.292,13.292,3.615,3.615
náramenník,postavec,3,13.292,13.292,3.615,3.615
postavec,červec,3,13.292,13.292,3.615,3.615
noha,palec,7,13.292,13.292,4.838,4.838
malý,velký,3,13.292,13.292,3.615,3.615
vrabce,živý,6,13.292,13.292,4.615,4.615
postavec,přikrýt,3,13.292,13.292,3.615,3.615
sedmdesát,stříbrný,12,13.292,13.292,5.615,5.615
skopec,volek,11,13.292,13.292,5.49,5.49
zvíře,čtyři,3,13.292,13.292,3.615,3.615
očišťovat,palec,3,13.276,13.276,3.599,3.599
loket,zdélit,11,13.266,13.266,5.464,5.464
hudebný,sloužit,3,13.26,13.26,3.584,3.584
hora,hébal,3,13.244,13.244,3.568,3.568
lot,ztížit,12,13.244,13.244,5.568,5.568
dílo,řemeslný,4,13.233,13.233,3.971,3.971
kniha,nalezený,4,13.221,13.221,3.96,3.96
příbytek,zastření,6,13.221,13.221,4.545,4.545
hluboký,rána,4,13.221,13.221,3.96,3.96
rána,způsob,4,13.221,13.221,3.96,3.96
odcházet,přicházet,3,13.199,13.199,3.522,3.522
hlad,meč,3,13.199,13.199,3.522,3.522
desátka,přinášet,4,13.199,13.199,3.937,3.937
dříví,setim,6,13.199,13.199,4.522,4.522
kadění,svícení,3,13.199,13.199,3.522,3.522
mrtvý,muset,3,13.199,13.199,3.522,3.522
kyje,meč,3,13.199,13.199,3.522,3.522
dříví,vložený,3,13.199,13.199,3.522,3.522
vrabce,zabitý,3,13.199,13.199,3.522,3.522
biskup,odpovídat,3,13.199,13.199,3.522,3.522
počet,čtrnáct,6,13.199,13.199,4.522,4.522
melchisedechův,učiněný,4,13.199,13.199,3.937,3.937
loket,zšířit,13,13.185,13.185,5.624,5.624
háj,zbořit,6,13.176,13.176,4.5,4.5
lněný,oblečený,4,13.176,13.176,3.915,3.915
pomaž,roh,6,13.169,13.169,4.492,4.492
jeremiáš,sofoniáš,3,13.169,13.169,3.492,3.492
trpět,vstát,3,13.169,13.169,3.492,3.492
pomaž,prst,3,13.169,13.169,3.492,3.492
nízký,zavřít,3,13.169,13.169,3.492,3.492
koltra,síň,3,13.154,13.154,3.478,3.478
očkovatý,síň,3,13.154,13.154,3.478,3.478
odjímat,pálit,3,13.154,13.154,3.478,3.478
kůže,oteklina,3,13.154,13.154,3.478,3.478
kůže,prašivina,4,13.154,13.154,3.893,3.893
chlupový,kůže,4,13.154,13.154,3.893,3.893
hluboký,kůže,6,13.154,13.154,4.478,4.478
kůže,zbělet,4,13.154,13.154,3.893,3.893
kůže,pozčernalý,4,13.154,13.154,3.893,3.893
kůže,náryšavý,3,13.154,13.154,3.478,3.478
kůže,černý,5,13.154,13.154,4.215,4.215
dvakrát,modrý,3,13.14,13.14,3.463,3.463
modrý,červec,3,13.14,13.14,3.463,3.463
plece,pozdvižení,3,13.14,13.14,3.463,3.463
modrý,přikrýt,3,13.14,13.14,3.463,3.463
dobrý,vůle,5,13.128,13.128,4.189,4.189
loket,pětmecítma,5,13.128,13.128,4.189,4.189
stan,ven,5,13.128,13.128,4.189,4.189
pokropit,sedmkrát,5,13.128,13.128,4.189,4.189
palec,pomazat,6,13.118,13.118,4.442,4.442
palec,pravý,7,13.111,13.111,4.657,4.657
měděný,podstavek,4,13.111,13.111,3.85,3.85
strana,západní,3,13.111,13.111,3.435,3.435
pohnout,žena,3,13.111,13.111,3.435,3.435
spokojující,vůně,15,13.111,13.111,5.757,5.757
osnova,ráno,5,13.111,13.111,4.172,4.172
outek,ráno,5,13.111,13.111,4.172,4.172
efod,rytina,4,13.111,13.111,3.85,3.85
hin,míra,7,13.099,13.099,4.645,4.645
drobný,vina,4,13.09,13.09,3.829,3.829
barvený,svícení,3,13.083,13.083,3.407,3.407
dvadcít,zšířit,3,13.069,13.069,3.393,3.393
loket,širokost,4,13.069,13.069,3.808,3.808
bál,háj,3,13.069,13.069,3.393,3.393
desátý,míra,3,13.069,13.069,3.393,3.393
pohledit,vlas,4,13.069,13.069,3.808,3.808
rána,černý,3,13.069,13.069,3.393,3.393
bálův,háj,3,13.069,13.069,3.393,3.393
hin,čtvrtý,5,13.061,13.061,4.122,4.122
obraz,zbořit,4,13.039,13.039,3.777,3.777
bližní,zhřešit,3,13.029,13.029,3.352,3.352
helkiáš,písař,5,13.029,13.029,4.089,4.089
daria,léta,3,13.029,13.029,3.352,3.352
přistupovat,zemřít,3,13.029,13.029,3.352,3.352
devět,sto,3,13.029,13.029,3.352,3.352
opona,slitovnice,4,13.029,13.029,3.767,3.767
pětmecítma,tisíc,5,13.029,13.029,4.089,4.089
napořád,všickn,4,13.029,13.029,3.767,3.767
mnoho,muset,3,13.029,13.029,3.352,3.352
ven,vynést,4,13.029,13.029,3.767,3.767
anděl,koflík,4,13.029,13.029,3.767,3.767
báň,lot,11,13.003,13.003,5.201,5.201
efi,čtvrtý,3,13.002,13.002,3.326,3.326
přikrýt,sochor,3,13.002,13.002,3.326,3.326
bílý,pobělavý,4,12.999,12.999,3.738,3.738
cherubín,truhlo,3,12.989,12.989,3.313,3.313
chléb,zpořádaný,3,12.989,12.989,3.313,3.313
truhlo,zastavit,3,12.989,12.989,3.313,3.313
nesoucí,truhlo,3,12.989,12.989,3.313,3.313
jatra,oba,4,12.989,12.989,3.728,3.728
kryjící,oba,3,12.989,12.989,3.313,3.313
juda,klanět,3,12.976,12.976,3.3,3.3
juda,pobořit,3,12.976,12.976,3.3,3.3
desátý,hin,3,12.976,12.976,3.3,3.3
konat,úřad,3,12.976,12.976,3.3,3.3
loket,změřit,3,12.976,12.976,3.3,3.3
dlouhost,loket,3,12.976,12.976,3.3,3.3
mrtvý,trpět,3,12.976,12.976,3.3,3.3
desátka,nový,3,12.976,12.976,3.3,3.3
srp,vyjít,3,12.951,12.951,3.274,3.274
kadit,tvor,3,12.938,12.938,3.262,3.262
síň,zevnitřní,6,12.932,12.932,4.255,4.255
kůže,pobělavý,6,12.932,12.932,4.255,4.255
měsíc,patnáctý,3,12.926,12.926,3.249,3.249
aggea,měsíc,3,12.926,12.926,3.249,3.249
dvadcátý,měsíc,3,12.926,12.926,3.249,3.249
devátý,měsíc,3,12.926,12.926,3.249,3.249
aronův,kněžství,3,12.926,12.926,3.249,3.249
lot,sedmdesát,12,12.923,12.923,5.246,5.246
barvený,postavec,3,12.913,12.913,3.237,3.237
odpuštěný,očistit,11,12.913,12.913,5.111,5.111
koflík,vylit,4,12.913,12.913,3.652,3.652
dvadcít,loket,5,12.906,12.906,3.966,3.966
lota,stříbrný,11,12.903,12.903,5.101,5.101
bělný,zadělaný,31,12.899,12.899,6.592,6.592
kůže,způsob,5,12.891,12.891,3.952,3.952
bezbožný,spravedlivý,3,12.889,12.889,3.212,3.212
naproti,západ,3,12.889,12.889,3.212,3.212
kristus,milost,4,12.877,12.877,3.615,3.615
levítová,tinecský,5,12.877,12.877,3.937,3.937
trouba,truhlý,5,12.877,12.877,3.937,3.937
troubit,truhlý,3,12.877,12.877,3.2,3.2
dokonat,obětování,3,12.877,12.877,3.2,3.2
helkiáš,joziáš,3,12.877,12.877,3.2,3.2
háj,rytina,3,12.877,12.877,3.2,3.2
noha,vylévání,3,12.877,12.877,3.2,3.2
rada,sejít,3,12.877,12.877,3.2,3.2
hledat,kterak,4,12.877,12.877,3.615,3.615
pohledit,rozmohnout,5,12.877,12.877,3.937,3.937
biskup,otázat,3,12.877,12.877,3.2,3.2
desetina,zadělaný,12,12.832,12.832,5.156,5.156
míra,čtvrtý,4,12.832,12.832,3.571,3.571
mladý,volek,12,12.832,12.832,5.156,5.156
lot,vážit,3,12.829,12.829,3.153,3.153
svícení,vonný,5,12.82,12.82,3.881,3.881
chléb,přesný,8,12.819,12.819,4.558,4.558
proměnný,stříbro,3,12.818,12.818,3.141,3.141
rozkázat,řada,3,12.818,12.818,3.141,3.141
beránka,mírka,3,12.818,12.818,3.141,3.141
kbelík,mouka,3,12.806,12.806,3.13,3.13
mouka,nádobce,3,12.806,12.806,3.13,3.13
ezechiáš,pobořit,3,12.806,12.806,3.13,3.13
pobořit,výsost,4,12.806,12.806,3.545,3.545
judská,judský,3,12.806,12.806,3.13,3.13
judský,salatielov,3,12.806,12.806,3.13,3.13
pomazání,svícení,4,12.806,12.806,3.545,3.545
bělný,mouka,37,12.806,12.806,6.754,6.754
mnoho,trpět,3,12.806,12.806,3.13,3.13
oheň,vložený,3,12.806,12.806,3.13,3.13
hluboký,poškvrna,6,12.806,12.806,4.13,4.13
mající,zavřít,4,12.806,12.806,3.545,3.545
poškvrna,černý,5,12.806,12.806,3.867,3.867
jeruzalémský,obyvatel,12,12.801,12.801,5.124,5.124
banaiáš,sádoch,3,12.784,12.784,3.107,3.107
ostříhat,přikázaní,3,12.784,12.784,3.107,3.107
meč,mor,3,12.784,12.784,3.107,3.107
jesnat,posvátný,3,12.784,12.784,3.107,3.107
dříví,zpořádat,3,12.784,12.784,3.107,3.107
sedět,stolice,3,12.761,12.761,3.085,3.085
barvený,modrý,3,12.761,12.761,3.085,3.085
barvený,náramenník,3,12.761,12.761,3.085,3.085
levý,pravý,7,12.749,12.749,4.295,4.295
palác,síň,3,12.739,12.739,3.063,3.063
hlas,volat,7,12.739,12.739,4.285,4.285
jozue,zorobábel,4,12.739,12.739,3.478,3.478
kryjící,ohnivý,3,12.739,12.739,3.063,3.063
kůže,pohledit,15,12.739,12.739,5.385,5.385
hlas,zvíře,3,12.739,12.739,3.063,3.063
oba,slabina,5,12.726,12.726,3.787,3.787
mouka,zadělaný,31,12.716,12.716,6.409,6.409
helkiáš,kniha,6,12.707,12.707,4.03,4.03
sedmdesatý,sto,3,12.707,12.707,3.03,3.03
brav,sto,3,12.707,12.707,3.03,3.03
léta,čtyřidcet,4,12.707,12.707,3.445,3.445
dveř,příbytek,3,12.707,12.707,3.03,3.03
biskupů,mnoho,4,12.707,12.707,3.445,3.445
kyje,starý,3,12.707,12.707,3.03,3.03
yzopa,živý,4,12.707,12.707,3.445,3.445
háj,vedlo,3,12.707,12.707,3.03,3.03
sláva,síla,4,12.707,12.707,3.445,3.445
měděný,umyvadlo,3,12.696,12.696,3.02,3.02
slavnost,sobota,3,12.696,12.696,3.02,3.02
dobrovolný,slavnost,3,12.696,12.696,3.02,3.02
poslat,sedechiáš,3,12.696,12.696,3.02,3.02
posvátný,všet,3,12.696,12.696,3.02,3.02
obyčej,volk,6,12.696,12.696,4.02,4.02
desátý,díl,6,12.691,12.691,4.014,4.014
kropit,prst,4,12.691,12.691,3.429,3.429
slyšet,zvíře,3,12.675,12.675,2.999,2.999
příjemný,vůně,14,12.671,12.671,5.217,5.217
bělný,desetina,12,12.667,12.667,4.991,4.991
lot,lota,12,12.66,12.66,4.983,4.983
volat,vyslyšet,3,12.654,12.654,2.978,2.978
kroužek,zlatý,6,12.654,12.654,3.978,3.978
biskupů,vstát,3,12.654,12.654,2.978,2.978
stan,vně,3,12.654,12.654,2.978,2.978
skrz,vykoupení,3,12.644,12.644,2.968,2.968
centnéř,sto,4,12.636,12.636,3.375,3.375
rozmohnout,sedmý,4,12.629,12.629,3.367,3.367
rozmohnout,vyhlásit,4,12.629,12.629,3.367,3.367
ledvinka,oba,7,12.627,12.627,4.173,4.173
kozl,pět,12,12.616,12.616,4.94,4.94
písař,sádoch,4,12.614,12.614,3.352,3.352
počet,výše,3,12.614,12.614,2.937,2.937
nádobí,podstavek,3,12.614,12.614,2.937,2.937
nádobí,umyvadlo,3,12.614,12.614,2.937,2.937
obyčej,počet,8,12.614,12.614,4.352,4.352
otevřít,ústa,3,12.614,12.614,2.937,2.937
cedrový,živý,5,12.614,12.614,3.674,3.674
léta,milostivý,3,12.614,12.614,2.937,2.937
vedlý,ztížit,11,12.614,12.614,4.812,4.812
poškvrna,čtrnáct,7,12.614,12.614,4.16,4.16
panovník,člověčí,3,12.604,12.604,2.927,2.927
aronův,rod,3,12.604,12.604,2.927,2.927
roztrhnout,uslyšet,6,12.584,12.584,3.907,3.907
kraj,náprsník,6,12.584,12.584,3.907,3.907
duch,horlivost,3,12.584,12.584,2.907,2.907
hrst,plný,5,12.584,12.584,3.644,3.644
oteklina,tělo,3,12.584,12.584,2.907,2.907
pobělavý,poškvrna,6,12.584,12.584,3.907,3.907
rána,vlas,3,12.584,12.584,2.907,2.907
chléb,oplatek,3,12.574,12.574,2.898,2.898
pálit,všecken,4,12.569,12.569,3.308,3.308
odpuštěný,zhřešit,4,12.569,12.569,3.308,3.308
melchisedechův,věk,5,12.566,12.566,3.627,3.627
míra,pšenice,3,12.555,12.555,2.878,2.878
levítová,vrátní,4,12.555,12.555,3.293,3.293
dílo,dělat,4,12.555,12.555,3.293,3.293
muset,zákonník,3,12.555,12.555,2.878,2.878
plece,sem,3,12.555,12.555,2.878,2.878
roční,volový,11,12.555,12.555,4.753,4.753
biskupů,moc,3,12.555,12.555,2.878,2.878
roh,spodek,5,12.543,12.543,3.604,3.604
kraj,ucho,5,12.543,12.543,3.604,3.604
sádocha,ustanovit,3,12.536,12.536,2.859,2.859
kadidlnice,ohark,3,12.536,12.536,2.859,2.859
desátka,pokoj,3,12.536,12.536,2.859,2.859
msta,pokoj,3,12.536,12.536,2.859,2.859
hrdlička,přinést,4,12.533,12.533,3.272,3.272
zlato,řemeslný,5,12.526,12.526,3.587,3.587
nepřítel,pomsta,4,12.526,12.526,3.265,3.265
eleazar,fínes,4,12.526,12.526,3.265,3.265
obětuj,ukázat,3,12.526,12.526,2.85,2.85
kožený,ráno,4,12.526,12.526,3.265,3.265
jistý,čas,4,12.519,12.519,3.258,3.258
svědectví,zastření,3,12.517,12.517,2.84,2.84
kole,vyhlazený,3,12.517,12.517,2.84,2.84
uhlí,vložit,3,12.517,12.517,2.84,2.84
malomocenství,pohledit,7,12.514,12.514,4.06,4.06
síň,vnitřní,7,12.502,12.502,4.048,4.048
lněný,obléci,3,12.498,12.498,2.822,2.822
modrý,náprsník,4,12.484,12.484,3.223,3.223
desetina,mouka,12,12.484,12.484,4.808,4.808
pamětný,pálit,5,12.476,12.476,3.537,3.537
lota,vedlý,15,12.476,12.476,5.122,5.122
david,humna,4,12.471,12.471,3.209,3.209
koltra,úmluva,3,12.471,12.471,2.794,2.794
očkovatý,úmluva,3,12.471,12.471,2.794,2.794
gersonův,úmluva,3,12.471,12.471,2.794,2.794
přisluhování,služba,7,12.467,12.467,4.013,4.013
kadidlnice,uhlí,5,12.465,12.465,3.526,3.526
mrtvý,skutek,3,12.462,12.462,2.785,2.785
síla,řkoucí,3,12.462,12.462,2.785,2.785
matka,život,3,12.462,12.462,2.785,2.785
jesnat,kterak,3,12.462,12.462,2.785,2.785
biskupů,mrtvý,3,12.462,12.462,2.785,2.785
nástroj,sloužit,3,12.453,12.453,2.776,2.776
nádobí,svícen,4,12.444,12.444,3.182,3.182
cena,peníze,4,12.444,12.444,3.182,3.182
kniha,písař,4,12.444,12.444,3.182,3.182
jiný,pomáhat,3,12.444,12.444,2.767,2.767
jiný,onychinový,3,12.444,12.444,2.767,2.767
jiný,vsazování,3,12.444,12.444,2.767,2.767
sto,váha,4,12.444,12.444,3.182,3.182
přikrytí,příbytek,3,12.444,12.444,2.767,2.767
služebník,uťít,5,12.444,12.444,3.504,3.504
cena,lota,4,12.444,12.444,3.182,3.182
chlupový,jiný,4,12.444,12.444,3.182,3.182
jiný,zbělet,4,12.444,12.444,3.182,3.182
dřevo,živý,5,12.444,12.444,3.504,3.504
jiný,srp,3,12.444,12.444,2.767,2.767
jordán,nést,5,12.428,12.428,3.488,3.488
ježíš,všel,3,12.426,12.426,2.75,2.75
háj,obraz,3,12.417,12.417,2.741,2.741
kůže,rozmohnout,6,12.417,12.417,3.741,3.741
dále,kůže,3,12.417,12.417,2.741,2.741
kůže,uzřit,3,12.417,12.417,2.741,2.741
efod,lněný,4,12.411,12.411,3.149,3.149
chléb,koš,4,12.404,12.404,3.143,3.143
nadto,stříbrný,3,12.391,12.391,2.715,2.715
oznámit,písař,3,12.391,12.391,2.715,2.715
chválit,levíta,3,12.391,12.391,2.715,2.715
loket,setim,3,12.391,12.391,2.715,2.715
beraní,sedm,4,12.391,12.391,3.13,3.13
mokrý,tvor,5,12.391,12.391,3.452,3.452
ostatek,prst,4,12.391,12.391,3.13,3.13
prst,vezma,3,12.391,12.391,2.715,2.715
kterak,všet,3,12.374,12.374,2.698,2.698
obracení,tam,9,12.374,12.374,4.283,4.283
lampa,stůl,4,12.366,12.366,3.104,3.104
spasení,spravedlnost,3,12.366,12.366,2.689,2.689
roční,čtrnáct,7,12.362,12.362,3.908,3.908
báň,vedlý,10,12.361,12.361,4.421,4.421
lot,stříbrný,13,12.36,12.36,4.799,4.799
levít,vrátný,5,12.351,12.351,3.411,3.411
síň,síňka,4,12.347,12.347,3.085,3.085
dveře,zastření,4,12.347,12.347,3.085,3.085
síň,zastření,4,12.347,12.347,3.085,3.085
pokropit,svrchu,4,12.347,12.347,3.085,3.085
hrst,pálit,4,12.347,12.347,3.085,3.085
dveře,hrdlička,4,12.347,12.347,3.085,3.085
kůže,vlas,4,12.347,12.347,3.085,3.085
chtít,ctít,3,12.341,12.341,2.664,2.664
udělat,šarla,3,12.341,12.341,2.664,2.664
kadidlo,mirra,3,12.341,12.341,2.664,2.664
holoubátka,přinést,3,12.341,12.341,2.664,2.664
předložení,zlatý,3,12.332,12.332,2.656,2.656
rozkázat,setník,3,12.332,12.332,2.656,2.656
trpět,zákonník,3,12.332,12.332,2.656,2.656
pakle,pobělavý,3,12.332,12.332,2.656,2.656
osnova,roucha,3,12.332,12.332,2.656,2.656
outek,roucha,3,12.332,12.332,2.656,2.656
hejtman,vojsko,4,12.328,12.328,3.067,3.067
biskupové,farize,4,12.328,12.328,3.067,3.067
obyčej,vedlý,12,12.324,12.324,4.648,4.648
jeruzalémský,nabuchodonozor,3,12.324,12.324,2.648,2.648
jatra,ohnivý,3,12.324,12.324,2.648,2.648
vedlý,čtrnáct,6,12.324,12.324,3.648,3.648
hořet,oheň,5,12.321,12.321,3.381,3.381
horlivost,žena,4,12.304,12.304,3.042,3.042
nátan,prorok,4,12.292,12.292,3.03,3.03
nádoba,ohark,4,12.292,12.292,3.03,3.03
přísaha,zhřešit,3,12.292,12.292,2.615,2.615
lopata,nádoba,3,12.292,12.292,2.615,2.615
aggea,prorok,4,12.292,12.292,3.03,3.03
daria,prorok,3,12.292,12.292,2.615,2.615
spálit,volek,3,12.292,12.292,2.615,2.615
pohledit,rána,7,12.292,12.292,3.838,3.838
dvakrát,živý,5,12.292,12.292,3.352,3.352
červec,živý,5,12.292,12.292,3.352,3.352
sedmdesát,vedlý,11,12.292,12.292,4.49,4.49
jordán,truhlo,8,12.289,12.289,4.027,4.027
mladý,skopec,12,12.28,12.28,4.603,4.603
setník,vojsko,3,12.276,12.276,2.599,2.599
kraj,očišťovat,3,12.276,12.276,2.599,2.599
abiatar,sádoch,5,12.273,12.273,3.333,3.333
kníže,salatielov,3,12.268,12.268,2.591,2.591
strana,východní,5,12.263,12.263,3.324,3.324
odvrátit,sloužit,3,12.26,12.26,2.584,2.584
královský,kůň,3,12.26,12.26,2.584,2.584
chléb,koláč,6,12.252,12.252,3.576,3.576
branice,oba,6,12.252,12.252,3.576,3.576
volka,čtrnáct,7,12.251,12.251,3.797,3.797
ohavnost,ukydaný,4,12.25,12.25,2.989,2.989
desetina,tři,8,12.247,12.247,3.986,3.986
hlava,odplacovat,3,12.244,12.244,2.568,2.568
konat,služba,7,12.244,12.244,3.79,3.79
aggea,slovo,4,12.244,12.244,2.983,2.983
daria,slovo,3,12.244,12.244,2.568,2.568
dotknout,posvěcený,3,12.244,12.244,2.568,2.568
lot,váha,4,12.244,12.244,2.983,2.983
přikrytí,služba,3,12.244,12.244,2.568,2.568
drobný,přivést,3,12.244,12.244,2.568,2.568
deset,lot,13,12.244,12.244,4.683,4.683
práce,čeleď,3,12.237,12.237,2.56,2.56
biskupů,zákonník,4,12.233,12.233,2.971,2.971
sejít,zákonník,4,12.233,12.233,2.971,2.971
pakle,rozmohnout,4,12.233,12.233,2.971,2.971
roční,volek,12,12.233,12.233,4.556,4.556
skrz,víra,3,12.229,12.229,2.553,2.553
aggea,skrz,3,12.229,12.229,2.553,2.553
sto,šest,6,12.221,12.221,3.545,3.545
dvadcet,sto,3,12.221,12.221,2.545,2.545
bílý,postavec,3,12.221,12.221,2.545,2.545
náprsník,postavec,3,12.221,12.221,2.545,2.545
drobný,poškvrna,4,12.221,12.221,2.96,2.96
mající,rána,4,12.221,12.221,2.96,2.96
poškvrna,způsob,4,12.221,12.221,2.96,2.96
cena,pole,4,12.221,12.221,2.96,2.96
pohledit,vyhlásit,6,12.214,12.214,3.537,3.537
přicházet,sobota,3,12.199,12.199,2.522,2.522
pít,víno,5,12.199,12.199,3.259,3.259
nabuchodonozor,stříbrný,3,12.199,12.199,2.522,2.522
studnice,voda,3,12.199,12.199,2.522,2.522
chodit,milovat,3,12.199,12.199,2.522,2.522
počet,váha,3,12.199,12.199,2.522,2.522
hledat,rada,3,12.199,12.199,2.522,2.522
voda,zastavit,3,12.199,12.199,2.522,2.522
cena,dobytek,3,12.199,12.199,2.522,2.522
učiněný,řád,4,12.199,12.199,2.937,2.937
trůn,řkoucí,3,12.199,12.199,2.522,2.522
spravedlivý,spravedlnost,5,12.185,12.185,3.246,3.246
hluboký,jiný,5,12.181,12.181,3.241,3.241
biskupové,sejít,6,12.176,12.176,3.5,3.5
biskupové,zákonník,15,12.176,12.176,4.822,4.822
očistit,tok,3,12.176,12.176,2.5,2.5
měsíc,slunce,4,12.171,12.171,2.909,2.909
buď,volo,3,12.169,12.169,2.492,2.492
loket,západ,3,12.169,12.169,2.492,2.492
nový,vylévat,3,12.169,12.169,2.492,2.492
národ,ustanovení,3,12.154,12.154,2.478,2.478
slitovnice,svědectví,3,12.154,12.154,2.478,2.478
nádobí,sochor,3,12.154,12.154,2.478,2.478
přikrytí,síň,3,12.154,12.154,2.478,2.478
přidat,zhřešit,3,12.154,12.154,2.478,2.478
jeruzalémský,ulice,3,12.154,12.154,2.478,2.478
obětuj,svědectví,3,12.154,12.154,2.478,2.478
ohnivý,spokojující,10,12.154,12.154,4.215,4.215
cena,vedlý,8,12.154,12.154,3.893,3.893
dveře,holoubátka,3,12.154,12.154,2.478,2.478
oba,střevo,5,12.141,12.141,3.202,3.202
odvrátit,vydat,3,12.14,12.14,2.463,2.463
pět,váha,3,12.14,12.14,2.463,2.463
stříbro,váha,3,12.14,12.14,2.463,2.463
hospodinová,trouba,3,12.14,12.14,2.463,2.463
biskupova,služebník,4,12.122,12.122,2.86,2.86
aronův,palec,3,12.118,12.118,2.442,2.442
panovník,rci,6,12.118,12.118,3.442,3.442
dvé,přinést,3,12.118,12.118,2.442,2.442
list,poslat,3,12.111,12.111,2.435,2.435
obrátit,řeka,3,12.111,12.111,2.435,2.435
pravý,ucho,9,12.111,12.111,4.02,4.02
plece,pravý,5,12.111,12.111,3.172,3.172
pomezí,strana,3,12.111,12.111,2.435,2.435
rozmohnout,ráno,5,12.111,12.111,3.172,3.172
počet,volk,6,12.111,12.111,3.435,3.435
vyhlásit,čistý,17,12.107,12.107,4.933,4.933
nebeský,vojsko,8,12.106,12.106,3.844,3.844
jíst,vycedit,3,12.104,12.104,2.428,2.428
jíst,pstát,3,12.104,12.104,2.428,2.428
malomocenství,vyhlásit,5,12.103,12.103,3.163,3.163
pobělavý,tělo,5,12.099,12.099,3.159,3.159
branice,tuk,10,12.09,12.09,4.151,4.151
játra,tuk,6,12.09,12.09,3.414,3.414
ledvina,tuk,3,12.09,12.09,2.414,2.414
přikrývající,tuk,6,12.09,12.09,3.414,3.414
ocas,tuk,5,12.09,12.09,3.151,3.151
slabina,tuk,6,12.09,12.09,3.414,3.414
jatra,tuk,4,12.09,12.09,2.829,2.829
kryjící,potom,3,12.09,12.09,2.414,2.414
kryjící,tuk,3,12.09,12.09,2.414,2.414
ledvinka,tuk,9,12.09,12.09,3.999,3.999
odjímat,tuk,3,12.09,12.09,2.414,2.414
banaiáš,vojsko,3,12.083,12.083,2.407,2.407
týž,řkoucí,3,12.083,12.083,2.407,2.407
jezevčí,vonný,3,12.083,12.083,2.407,2.407
sem,tam,11,12.079,12.079,4.277,4.277
dvadcet,tisíc,3,12.069,12.069,2.393,2.393
svícen,zlatý,6,12.069,12.069,3.393,3.393
popel,roztrhnout,3,12.069,12.069,2.393,2.393
centnéř,tisíc,3,12.069,12.069,2.393,2.393
hospodinová,tvář,5,12.069,12.069,3.13,3.13
obilý,prvotina,3,12.069,12.069,2.393,2.393
jozadakov,judský,3,12.069,12.069,2.393,2.393
tvář,vyhladit,3,12.069,12.069,2.393,2.393
bílý,modrý,3,12.069,12.069,2.393,2.393
roucha,úřad,4,12.069,12.069,2.808,2.808
poškvrnit,svatost,3,12.069,12.069,2.393,2.393
tisíc,západ,3,12.069,12.069,2.393,2.393
bethel,silný,3,12.069,12.069,2.393,2.393
oheň,spálený,3,12.069,12.069,2.393,2.393
jidáš,zástup,3,12.069,12.069,2.393,2.393
kraj,noha,6,12.069,12.069,3.393,3.393
pohledit,zavřít,4,12.069,12.069,2.808,2.808
dále,poškvrna,3,12.069,12.069,2.393,2.393
nový,obilý,3,12.069,12.069,2.393,2.393
david,jebuzejský,3,12.056,12.056,2.379,2.379
achimelech,david,3,12.056,12.056,2.379,2.379
jeruzalémský,judský,13,12.047,12.047,4.486,4.486
obložit,zlato,5,12.041,12.041,3.101,3.101
jordán,jozue,4,12.039,12.039,2.777,2.777
izrael,všeckat,3,12.035,12.035,2.359,2.359
lampa,nádobí,3,12.029,12.029,2.352,2.352
pomstít,služebník,3,12.029,12.029,2.352,2.352
mnoho,mrtvý,4,12.029,12.029,2.767,2.767
léta,výše,3,12.029,12.029,2.352,2.352
biskupem,léta,3,12.029,12.029,2.352,2.352
kožený,nádoba,5,12.029,12.029,3.089,3.089
sláva,trůn,3,12.029,12.029,2.352,2.352
pravost,vyhledávat,3,12.002,12.002,2.326,2.326
hospodinová,jozue,3,12.002,12.002,2.326,2.326
jozue,truhlý,3,12.002,12.002,2.326,2.326
rána,zavřít,4,11.999,11.999,2.738,2.738
poškvrna,vlas,4,11.999,11.999,2.738,2.738
pokropit,prst,4,11.999,11.999,2.738,2.738
desátý,mouka,4,11.999,11.999,2.738,2.738
město,předměstí,4,11.989,11.989,2.728,2.728
chléb,posvátný,4,11.989,11.989,2.728,2.728
hrazený,město,3,11.989,11.989,2.313,2.313
město,osadit,3,11.989,11.989,2.313,2.313
město,útočiště,3,11.989,11.989,2.313,2.313
otec,zaslíbit,3,11.976,11.976,2.3,2.3
buď,vůle,3,11.976,11.976,2.3,2.3
mrtvý,vstát,3,11.976,11.976,2.3,2.3
mokrý,čtrnáct,6,11.976,11.976,3.3,3.3
hrnec,nádoba,4,11.97,11.97,2.708,2.708
joiad,rozkázat,3,11.97,11.97,2.293,2.293
stříbro,výborný,3,11.97,11.97,2.293,2.293
nádoba,osnova,4,11.97,11.97,2.708,2.708
nádoba,outek,4,11.97,11.97,2.708,2.708
počít,zákonník,3,11.97,11.97,2.293,2.293
měsíc,pátý,5,11.962,11.962,3.023,3.023
očišťovat,pomazat,5,11.962,11.962,3.023,3.023
malomocenství,rána,5,11.958,11.958,3.019,3.019
deset,plný,12,11.954,11.954,4.277,4.277
kadidlnice,pobrat,3,11.951,11.951,2.274,2.274
přikaž,řko,4,11.951,11.951,2.689,2.689
pohledit,sedmý,5,11.951,11.951,3.011,3.011
deset,kadidlnice,13,11.951,11.951,4.39,4.39
levý,strana,4,11.941,11.941,2.68,2.68
voda,vrabce,5,11.936,11.936,2.996,2.996
voda,zpézt,5,11.936,11.936,2.996,2.996
všudy,vůkol,3,11.932,11.932,2.255,2.255
síňka,vůkol,3,11.932,11.932,2.255,2.255
koltra,stánek,3,11.932,11.932,2.255,2.255
očkovatý,stánek,3,11.932,11.932,2.255,2.255
vůkol,zastření,3,11.932,11.932,2.255,2.255
komůrka,síň,3,11.932,11.932,2.255,2.255
vyhlazený,člověk,4,11.932,11.932,2.67,2.67
kůže,nízký,3,11.932,11.932,2.255,2.255
desátý,zadělaný,3,11.932,11.932,2.255,2.255
dveře,dvé,3,11.932,11.932,2.255,2.255
gersonův,stánek,3,11.932,11.932,2.255,2.255
kotlík,nádoba,7,11.929,11.929,3.475,3.475
noha,ucho,7,11.929,11.929,3.475,3.475
jeruzalém,zapsaný,3,11.926,11.926,2.249,2.249
měsíc,zorobábel,3,11.926,11.926,2.249,2.249
chtít,kůň,3,11.926,11.926,2.249,2.249
vonný,výborný,3,11.913,11.913,2.237,2.237
kadění,vonný,4,11.913,11.913,2.652,2.652
díl,efi,5,11.913,11.913,2.974,2.974
pomazání,vonný,7,11.913,11.913,3.459,3.459
díl,pomezí,3,11.913,11.913,2.237,2.237
biskupové,rada,6,11.913,11.913,3.237,3.237
barvený,živý,5,11.913,11.913,2.974,2.974
očišťovat,ucho,3,11.913,11.913,2.237,2.237
samý,slušet,3,11.913,11.913,2.237,2.237
kozl,volk,5,11.91,11.91,2.97,2.97
přisahat,skrz,3,11.907,11.907,2.231,2.231
prst,roh,5,11.906,11.906,2.966,2.966
stánek,úmluva,52,11.904,11.904,6.343,6.343
kněžský,roucha,4,11.899,11.899,2.638,2.638
levít,otcovský,5,11.891,11.891,2.952,2.952
plakat,poslat,3,11.889,11.889,2.212,2.212
obrátit,prvý,3,11.889,11.889,2.212,2.212
strana,západ,3,11.889,11.889,2.212,2.212
poslat,žalář,3,11.889,11.889,2.212,2.212
bydlit,dokudž,3,11.889,11.889,2.212,2.212
poslat,sofoniáš,3,11.889,11.889,2.212,2.212
kterýkoli,ráno,3,11.889,11.889,2.212,2.212
jméno,vzývat,6,11.886,11.886,3.209,3.209
měsíc,čtvrtý,4,11.881,11.881,2.62,2.62
dávat,pšenice,3,11.877,11.877,2.2,2.2
dříví,zvýšit,4,11.877,11.877,2.615,2.615
vystavět,zase,3,11.877,11.877,2.2,2.2
pšenice,víno,4,11.877,11.877,2.615,2.615
hledat,naleznout,3,11.877,11.877,2.2,2.2
slýt,uvést,3,11.877,11.877,2.2,2.2
skot,tisíc,3,11.877,11.877,2.2,2.2
obilý,víno,6,11.877,11.877,3.2,3.2
voda,vycedit,4,11.877,11.877,2.615,2.615
nádoba,pomažeš,3,11.877,11.877,2.2,2.2
prorok,sedechiáš,3,11.877,11.877,2.2,2.2
hledat,zákonník,5,11.877,11.877,2.937,2.937
opona,vnést,3,11.877,11.877,2.2,2.2
desetina,hin,3,11.877,11.877,2.2,2.2
kole,mlout,3,11.865,11.865,2.188,2.188
abiatar,efod,4,11.863,11.863,2.602,2.602
skopce,volk,17,11.859,11.859,4.685,4.685
levít,zpěvák,4,11.859,11.859,2.597,2.597
služebník,udeřit,4,11.859,11.859,2.597,2.597
skopce,volový,11,11.859,11.859,4.057,4.057
skopce,čtrnáct,8,11.859,11.859,3.597,3.597
nadto,zlatý,3,11.847,11.847,2.17,2.17
plakat,tvář,3,11.847,11.847,2.17,2.17
kraj,zlatý,6,11.847,11.847,3.17,3.17
odpuštění,čas,3,11.841,11.841,2.165,2.165
biskupovi,ježíš,4,11.841,11.841,2.58,2.58
odjímat,pokojný,3,11.841,11.841,2.165,2.165
pokojný,volový,11,11.841,11.841,4.039,4.039
kozl,roční,14,11.839,11.839,4.384,4.384
tři,zvýšit,4,11.832,11.832,2.571,2.571
mladý,roční,20,11.832,11.832,4.893,4.893
přisáhnout,věk,3,11.829,11.829,2.153,2.153
hlava,rozsekat,3,11.829,11.829,2.153,2.153
služba,úřad,3,11.829,11.829,2.153,2.153
jezevčí,služba,3,11.829,11.829,2.153,2.153
kož,služba,3,11.829,11.829,2.153,2.153
milostivý,posvětit,3,11.829,11.829,2.153,2.153
přistupovat,sloužit,5,11.827,11.827,2.888,2.888
měsíc,první,7,11.826,11.826,3.372,3.372
kterak,zákonník,3,11.818,11.818,2.141,2.141
beránka,obracení,3,11.818,11.818,2.141,2.141
beránka,obracet,3,11.818,11.818,2.141,2.141
oheň,spálit,6,11.806,11.806,3.13,3.13
kadění,pomazání,3,11.806,11.806,2.13,2.13
přistupovat,stráž,3,11.806,11.806,2.13,2.13
efi,mouka,5,11.806,11.806,2.867,2.867
mnoho,vstát,3,11.806,11.806,2.13,2.13
buď,něco,3,11.806,11.806,2.13,2.13
kadidlnice,lot,14,11.804,11.804,4.35,4.35
jitro,zůstat,3,11.801,11.801,2.124,2.124
kůže,malomocenství,7,11.792,11.792,3.338,3.338
dvanáct,volk,3,11.789,11.789,2.113,2.113
mírka,tam,3,11.789,11.789,2.113,2.113
obracet,tam,6,11.789,11.789,3.113,3.113
práce,služba,4,11.785,11.785,2.524,2.524
meč,zmordovat,3,11.784,11.784,2.107,2.107
obrácený,voda,3,11.784,11.784,2.107,2.107
hin,víno,6,11.784,11.784,3.107,3.107
kadidlnice,kotlík,4,11.781,11.781,2.519,2.519
nádobí,stůl,4,11.781,11.781,2.519,2.519
horlivost,veliký,4,11.777,11.777,2.515,2.515
díl,přidat,5,11.776,11.776,2.836,2.836
přikrývající,všeckený,3,11.772,11.772,2.096,2.096
křídlo,truhlo,3,11.767,11.767,2.09,2.09
