file_name,total,antithetical_disputation,apodictic_law,apodictic_prohibition,attributive_praise,beatitude_formula,casuistic_law,confessional_creed,covenant_promise,declarative_assertion,deliberative_rhetoric,dialogic_controversy,divine_oath_formula,doxological_formula,elenctic_questioning,enumerative_list,hymnic_praise,missionary_commission,narrative_chronicle,prophetic_admonition,prophetic_judgment_speech,royal_legitimation_formula,scriptural_warrant,theological_rationale,theophanic_declaration,theophanic_self_presentation,universal_truth_claim,woe_oracle,antithetical_disputation_rate,apodictic_law_rate,apodictic_prohibition_rate,attributive_praise_rate,beatitude_formula_rate,casuistic_law_rate,confessional_creed_rate,covenant_promise_rate,declarative_assertion_rate,deliberative_rhetoric_rate,dialogic_controversy_rate,divine_oath_formula_rate,doxological_formula_rate,elenctic_questioning_rate,enumerative_list_rate,hymnic_praise_rate,missionary_commission_rate,narrative_chronicle_rate,prophetic_admonition_rate,prophetic_judgment_speech_rate,royal_legitimation_formula_rate,scriptural_warrant_rate,theological_rationale_rate,theophanic_declaration_rate,theophanic_self_presentation_rate,universal_truth_claim_rate,woe_oracle_rate
bible_BKR_1J.txt,150,7,15,0,0,0,20,2,2,18,19,5,2,0,4,1,0,3,29,0,2,0,0,15,5,0,1,0,0.0467,0.1,0.0,0.0,0.0,0.1333,0.0133,0.0133,0.12,0.1267,0.0333,0.0133,0.0,0.0267,0.0067,0.0,0.02,0.1933,0.0,0.0133,0.0,0.0,0.1,0.0333,0.0,0.0067,0.0
bible_BKR_1K.txt,559,16,99,0,7,0,12,2,2,33,102,52,2,2,64,10,1,15,66,9,0,1,1,51,7,2,3,0,0.0286,0.1771,0.0,0.0125,0.0,0.0215,0.0036,0.0036,0.059,0.1825,0.093,0.0036,0.0036,0.1145,0.0179,0.0018,0.0268,0.1181,0.0161,0.0,0.0018,0.0018,0.0912,0.0125,0.0036,0.0054,0.0
bible_BKR_1Kr.txt,1053,19,103,2,1,0,7,1,4,38,77,66,2,2,26,26,0,11,461,9,2,68,16,63,13,23,13,0,0.018,0.0978,0.0019,0.0009,0.0,0.0066,0.0009,0.0038,0.0361,0.0731,0.0627,0.0019,0.0019,0.0247,0.0247,0.0,0.0104,0.4378,0.0085,0.0019,0.0646,0.0152,0.0598,0.0123,0.0218,0.0123,0.0
bible_BKR_1P.txt,94,7,24,0,0,0,3,1,0,6,15,4,4,1,3,0,0,3,4,4,2,3,0,6,1,3,0,0,0.0745,0.2553,0.0,0.0,0.0,0.0319,0.0106,0.0,0.0638,0.1596,0.0426,0.0426,0.0106,0.0319,0.0,0.0,0.0319,0.0426,0.0426,0.0213,0.0319,0.0,0.0638,0.0106,0.0319,0.0,0.0
bible_BKR_1Pa.txt,1007,6,48,1,0,0,0,1,4,14,59,25,0,7,6,269,1,4,415,2,1,28,15,66,5,25,5,0,0.006,0.0477,0.001,0.0,0.0,0.0,0.001,0.004,0.0139,0.0586,0.0248,0.0,0.007,0.006,0.2671,0.001,0.004,0.4121,0.002,0.001,0.0278,0.0149,0.0655,0.005,0.0248,0.005,0.0
bible_BKR_1S.txt,1304,23,140,6,1,0,19,0,8,35,101,63,8,2,81,19,0,21,541,4,5,34,19,119,15,32,7,1,0.0176,0.1074,0.0046,0.0008,0.0,0.0146,0.0,0.0061,0.0268,0.0775,0.0483,0.0061,0.0015,0.0621,0.0146,0.0,0.0161,0.4149,0.0031,0.0038,0.0261,0.0146,0.0913,0.0115,0.0245,0.0054,0.0008
bible_BKR_1Te.txt,82,3,15,0,3,0,0,1,0,10,17,2,2,1,1,3,0,4,2,4,0,1,0,11,0,2,0,0,0.0366,0.1829,0.0,0.0366,0.0,0.0,0.0122,0.0,0.122,0.2073,0.0244,0.0244,0.0122,0.0122,0.0366,0.0,0.0488,0.0244,0.0488,0.0,0.0122,0.0,0.1341,0.0,0.0244,0.0,0.0
bible_BKR_1Tm.txt,101,5,26,0,3,0,2,3,0,5,10,5,2,1,0,1,0,10,10,2,0,2,0,11,2,0,1,0,0.0495,0.2574,0.0,0.0297,0.0,0.0198,0.0297,0.0,0.0495,0.099,0.0495,0.0198,0.0099,0.0,0.0099,0.0,0.099,0.099,0.0198,0.0,0.0198,0.0,0.1089,0.0198,0.0,0.0099,0.0
bible_BKR_2J.txt,14,1,2,0,0,0,2,1,0,1,0,0,1,0,0,0,0,1,5,0,0,0,0,0,0,0,0,0,0.0714,0.1429,0.0,0.0,0.0,0.1429,0.0714,0.0,0.0714,0.0,0.0,0.0714,0.0,0.0,0.0,0.0,0.0714,0.3571,0.0,0.0,0.0,0.0,0.0,0.0,0.0,0.0,0.0
bible_BKR_2K.txt,281,11,41,0,4,0,7,2,0,27,50,15,7,4,21,7,0,6,26,3,0,1,3,37,3,3,3,0,0.0391,0.1459,0.0,0.0142,0.0,0.0249,0.0071,0.0,0.0961,0.1779,0.0534,0.0249,0.0142,0.0747,0.0249,0.0,0.0214,0.0925,0.0107,0.0,0.0036,0.0107,0.1317,0.0107,0.0107,0.0107,0.0
bible_BKR_2Kr.txt,1089,18,128,0,0,0,10,0,1,31,87,60,2,1,50,9,0,13,485,5,0,80,11,55,10,19,14,0,0.0165,0.1175,0.0,0.0,0.0,0.0092,0.0,0.0009,0.0285,0.0799,0.0551,0.0018,0.0009,0.0459,0.0083,0.0,0.0119,0.4454,0.0046,0.0,0.0735,0.0101,0.0505,0.0092,0.0174,0.0129,0.0
bible_BKR_2P.txt,48,3,7,0,0,0,0,0,2,8,3,9,1,0,2,0,0,0,7,3,0,0,0,0,1,1,1,0,0.0625,0.1458,0.0,0.0,0.0,0.0,0.0,0.0417,0.1667,0.0625,0.1875,0.0208,0.0,0.0417,0.0,0.0,0.0,0.1458,0.0625,0.0,0.0,0.0,0.0,0.0208,0.0208,0.0208,0.0
bible_BKR_2Pa.txt,1045,14,83,1,1,0,12,0,1,17,68,68,0,0,14,25,0,10,474,8,2,81,32,61,15,46,12,0,0.0134,0.0794,0.001,0.001,0.0,0.0115,0.0,0.001,0.0163,0.0651,0.0651,0.0,0.0,0.0134,0.0239,0.0,0.0096,0.4536,0.0077,0.0019,0.0775,0.0306,0.0584,0.0144,0.044,0.0115,0.0
bible_BKR_2S.txt,1057,16,120,2,1,0,7,0,2,26,96,47,1,2,61,16,0,11,465,2,2,60,13,75,8,19,5,0,0.0151,0.1135,0.0019,0.0009,0.0,0.0066,0.0,0.0019,0.0246,0.0908,0.0445,0.0009,0.0019,0.0577,0.0151,0.0,0.0104,0.4399,0.0019,0.0019,0.0568,0.0123,0.071,0.0076,0.018,0.0047,0.0
bible_BKR_2Te.txt,37,1,7,1,0,0,1,1,2,0,5,2,1,0,0,1,0,0,3,1,0,1,0,7,0,2,1,0,0.027,0.1892,0.027,0.0,0.0,0.027,0.027,0.0541,0.0,0.1351,0.0541,0.027,0.0,0.0,0.027,0.0,0.0,0.0811,0.027,0.0,0.027,0.0,0.1892,0.0,0.0541,0.027,0.0
bible_BKR_2Tm.txt,85,7,16,0,2,0,2,1,2,8,9,3,3,0,0,4,0,4,15,0,0,1,0,6,1,1,0,0,0.0824,0.1882,0.0,0.0235,0.0,0.0235,0.0118,0.0235,0.0941,0.1059,0.0353,0.0353,0.0,0.0,0.0471,0.0,0.0471,0.1765,0.0,0.0,0.0118,0.0,0.0706,0.0118,0.0118,0.0,0.0
bible_BKR_3J.txt,20,0,5,0,0,0,2,1,0,4,3,0,0,0,0,1,0,0,3,0,0,0,0,0,0,0,1,0,0.0,0.25,0.0,0.0,0.0,0.1,0.05,0.0,0.2,0.15,0.0,0.0,0.0,0.0,0.05,0.0,0.0,0.15,0.0,0.0,0.0,0.0,0.0,0.0,0.0,0.05,0.0
bible_BKR_Abd.txt,32,0,6,1,1,0,0,0,0,2,5,2,0,0,3,1,0,1,5,1,0,0,2,1,0,1,0,0,0.0,0.1875,0.0312,0.0312,0.0,0.0,0.0,0.0,0.0625,0.1562,0.0625,0.0,0.0,0.0938,0.0312,0.0,0.0312,0.1562,0.0312,0.0,0.0,0.0625,0.0312,0.0,0.0312,0.0,0.0
bible_BKR_Abk.txt,79,1,7,0,0,0,1,0,1,7,8,2,1,1,9,1,0,1,23,5,2,0,0,3,1,0,2,3,0.0127,0.0886,0.0,0.0,0.0,0.0127,0.0,0.0127,0.0886,0.1013,0.0253,0.0127,0.0127,0.1139,0.0127,0.0,0.0127,0.2911,0.0633,0.0253,0.0,0.0,0.038,0.0127,0.0,0.0253,0.038
bible_BKR_Ag.txt,47,2,10,0,0,0,2,0,1,0,4,7,0,0,3,1,0,0,6,0,0,0,0,5,1,4,1,0,0.0426,0.2128,0.0,0.0,0.0,0.0426,0.0,0.0213,0.0,0.0851,0.1489,0.0,0.0,0.0638,0.0213,0.0,0.0,0.1277,0.0,0.0,0.0,0.0,0.1064,0.0213,0.0851,0.0213,0.0
bible_BKR_Am.txt,176,6,24,1,1,0,4,0,0,11,21,8,1,0,15,2,0,1,36,9,2,4,1,14,4,8,1,2,0.0341,0.1364,0.0057,0.0057,0.0,0.0227,0.0,0.0,0.0625,0.1193,0.0455,0.0057,0.0,0.0852,0.0114,0.0,0.0057,0.2045,0.0511,0.0114,0.0227,0.0057,0.0795,0.0227,0.0455,0.0057,0.0114
bible_BKR_Da.txt,451,11,58,0,5,0,2,0,4,19,50,33,0,1,4,5,2,3,161,6,0,41,7,23,5,6,5,0,0.0244,0.1286,0.0,0.0111,0.0,0.0044,0.0,0.0089,0.0421,0.1109,0.0732,0.0,0.0022,0.0089,0.0111,0.0044,0.0067,0.357,0.0133,0.0,0.0909,0.0155,0.051,0.0111,0.0133,0.0111,0.0
bible_BKR_Dt.txt,976,5,187,3,3,0,24,1,11,74,67,78,14,2,11,19,0,17,200,35,2,13,16,61,18,104,11,0,0.0051,0.1916,0.0031,0.0031,0.0,0.0246,0.001,0.0113,0.0758,0.0686,0.0799,0.0143,0.002,0.0113,0.0195,0.0,0.0174,0.2049,0.0359,0.002,0.0133,0.0164,0.0625,0.0184,0.1066,0.0113,0.0
bible_BKR_Ef.txt,95,4,30,0,2,0,2,1,2,5,14,5,2,2,0,0,0,4,7,2,0,0,0,8,2,2,1,0,0.0421,0.3158,0.0,0.0211,0.0,0.0211,0.0105,0.0211,0.0526,0.1474,0.0526,0.0211,0.0211,0.0,0.0,0.0,0.0421,0.0737,0.0211,0.0,0.0,0.0,0.0842,0.0211,0.0211,0.0105,0.0
bible_BKR_Est.txt,219,3,16,0,0,0,5,0,0,10,18,13,0,2,13,3,0,0,90,3,0,14,7,13,5,2,2,0,0.0137,0.0731,0.0,0.0,0.0,0.0228,0.0,0.0,0.0457,0.0822,0.0594,0.0,0.0091,0.0594,0.0137,0.0,0.0,0.411,0.0137,0.0,0.0639,0.032,0.0594,0.0228,0.0091,0.0091,0.0
bible_BKR_Ex.txt,1668,5,204,8,14,0,13,2,16,112,84,78,2,5,29,90,0,19,714,23,1,8,39,84,17,82,19,0,0.003,0.1223,0.0048,0.0084,0.0,0.0078,0.0012,0.0096,0.0671,0.0504,0.0468,0.0012,0.003,0.0174,0.054,0.0,0.0114,0.4281,0.0138,0.0006,0.0048,0.0234,0.0504,0.0102,0.0492,0.0114,0.0
bible_BKR_Ez.txt,1500,26,206,2,12,0,5,0,7,83,110,100,8,4,42,56,0,9,470,51,1,9,21,111,40,112,13,2,0.0173,0.1373,0.0013,0.008,0.0,0.0033,0.0,0.0047,0.0553,0.0733,0.0667,0.0053,0.0027,0.028,0.0373,0.0,0.006,0.3133,0.034,0.0007,0.006,0.014,0.074,0.0267,0.0747,0.0087,0.0013
bible_BKR_Ezd.txt,257,2,13,0,1,0,2,0,0,6,10,24,0,0,1,69,0,1,61,0,1,29,2,17,1,16,1,0,0.0078,0.0506,0.0,0.0039,0.0,0.0078,0.0,0.0,0.0233,0.0389,0.0934,0.0,0.0,0.0039,0.2685,0.0,0.0039,0.2374,0.0,0.0039,0.1128,0.0078,0.0661,0.0039,0.0623,0.0039,0.0
bible_BKR_Fm.txt,21,0,7,0,0,0,1,0,0,0,3,0,1,0,0,2,0,0,6,0,0,0,0,0,1,0,0,0,0.0,0.3333,0.0,0.0,0.0,0.0476,0.0,0.0,0.0,0.1429,0.0,0.0476,0.0,0.0,0.0952,0.0,0.0,0.2857,0.0,0.0,0.0,0.0,0.0,0.0476,0.0,0.0,0.0
bible_BKR_Fp.txt,89,5,22,0,2,0,1,1,0,3,10,14,2,1,0,0,0,8,12,0,0,0,0,5,2,0,1,0,0.0562,0.2472,0.0,0.0225,0.0,0.0112,0.0112,0.0,0.0337,0.1124,0.1573,0.0225,0.0112,0.0,0.0,0.0,0.0899,0.1348,0.0,0.0,0.0,0.0,0.0562,0.0225,0.0,0.0112,0.0
bible_BKR_Ga.txt,167,13,26,0,1,0,8,2,3,7,23,9,4,0,8,5,0,4,32,1,0,0,0,13,4,4,0,0,0.0778,0.1557,0.0,0.006,0.0,0.0479,0.012,0.018,0.0419,0.1377,0.0539,0.024,0.0,0.0479,0.0299,0.0,0.024,0.1916,0.006,0.0,0.0,0.0,0.0778,0.024,0.024,0.0,0.0
bible_BKR_Gn.txt,2268,18,245,5,2,0,20,4,32,94,124,96,10,3,86,72,0,23,1172,5,2,4,34,153,21,19,24,0,0.0079,0.108,0.0022,0.0009,0.0,0.0088,0.0018,0.0141,0.0414,0.0547,0.0423,0.0044,0.0013,0.0379,0.0317,0.0,0.0101,0.5168,0.0022,0.0009,0.0018,0.015,0.0675,0.0093,0.0084,0.0106,0.0
bible_BKR_Iz.txt,1770,42,258,3,23,0,14,1,10,149,237,75,3,18,106,43,1,38,392,73,8,33,30,120,15,52,14,12,0.0237,0.1458,0.0017,0.013,0.0,0.0079,0.0006,0.0056,0.0842,0.1339,0.0424,0.0017,0.0102,0.0599,0.0243,0.0006,0.0215,0.2215,0.0412,0.0045,0.0186,0.0169,0.0678,0.0085,0.0294,0.0079,0.0068
bible_BKR_J.txt,1218,40,173,1,4,0,27,0,6,60,138,136,8,6,66,5,0,14,400,9,0,3,6,82,22,4,8,0,0.0328,0.142,0.0008,0.0033,0.0,0.0222,0.0,0.0049,0.0493,0.1133,0.1117,0.0066,0.0049,0.0542,0.0041,0.0,0.0115,0.3284,0.0074,0.0,0.0025,0.0049,0.0673,0.0181,0.0033,0.0066,0.0
bible_BKR_Jb.txt,1134,8,121,3,9,0,19,0,7,123,186,33,7,7,192,10,0,15,269,22,18,1,7,57,10,4,5,1,0.0071,0.1067,0.0026,0.0079,0.0,0.0168,0.0,0.0062,0.1085,0.164,0.0291,0.0062,0.0062,0.1693,0.0088,0.0,0.0132,0.2372,0.0194,0.0159,0.0009,0.0062,0.0503,0.0088,0.0035,0.0044,0.0009
bible_BKR_Jk.txt,143,5,32,1,2,0,6,0,0,11,24,4,0,0,10,4,0,3,19,7,4,1,0,8,0,0,2,0,0.035,0.2238,0.007,0.014,0.0,0.042,0.0,0.0,0.0769,0.1678,0.028,0.0,0.0,0.0699,0.028,0.0,0.021,0.1329,0.049,0.028,0.007,0.0,0.0559,0.0,0.0,0.014,0.0
bible_BKR_Jl.txt,93,1,27,0,0,0,2,0,0,7,9,2,0,0,2,0,0,0,22,2,2,0,2,7,0,8,0,0,0.0108,0.2903,0.0,0.0,0.0,0.0215,0.0,0.0,0.0753,0.0968,0.0215,0.0,0.0,0.0215,0.0,0.0,0.0,0.2366,0.0215,0.0215,0.0,0.0215,0.0753,0.0,0.086,0.0,0.0
bible_BKR_Jon.txt,67,1,10,0,0,0,0,0,1,4,7,4,0,0,4,1,0,2,25,1,0,0,0,5,2,0,0,0,0.0149,0.1493,0.0,0.0,0.0,0.0,0.0,0.0149,0.0597,0.1045,0.0597,0.0,0.0,0.0597,0.0149,0.0,0.0299,0.3731,0.0149,0.0,0.0,0.0,0.0746,0.0299,0.0,0.0,0.0
bible_BKR_Joz.txt,783,5,96,3,1,0,2,0,3,17,42,53,1,1,4,103,0,9,329,5,0,14,15,40,5,28,7,0,0.0064,0.1226,0.0038,0.0013,0.0,0.0026,0.0,0.0038,0.0217,0.0536,0.0677,0.0013,0.0013,0.0051,0.1315,0.0,0.0115,0.4202,0.0064,0.0,0.0179,0.0192,0.0511,0.0064,0.0358,0.0089,0.0
bible_BKR_Jr.txt,1715,33,334,0,1,0,27,3,7,113,178,96,1,7,103,26,0,26,316,61,8,80,28,129,42,76,11,9,0.0192,0.1948,0.0,0.0006,0.0,0.0157,0.0017,0.0041,0.0659,0.1038,0.056,0.0006,0.0041,0.0601,0.0152,0.0,0.0152,0.1843,0.0356,0.0047,0.0466,0.0163,0.0752,0.0245,0.0443,0.0064,0.0052
bible_BKR_Ju.txt,23,2,4,0,0,0,0,0,0,3,5,0,1,0,0,0,0,1,2,1,0,0,0,2,1,0,1,0,0.087,0.1739,0.0,0.0,0.0,0.0,0.0,0.0,0.1304,0.2174,0.0,0.0435,0.0,0.0,0.0,0.0,0.0435,0.087,0.0435,0.0,0.0,0.0,0.087,0.0435,0.0,0.0435,0.0
bible_BKR_Kaz.txt,297,5,57,0,1,0,6,0,3,20,32,26,3,2,20,9,0,5,61,7,1,4,3,21,8,0,2,1,0.0168,0.1919,0.0,0.0034,0.0,0.0202,0.0,0.0101,0.0673,0.1077,0.0875,0.0101,0.0067,0.0673,0.0303,0.0,0.0168,0.2054,0.0236,0.0034,0.0135,0.0101,0.0707,0.0269,0.0,0.0067,0.0034
bible_BKR_Ko.txt,74,2,22,0,1,0,3,1,0,5,4,11,1,2,0,2,0,3,6,1,1,1,0,3,2,1,2,0,0.027,0.2973,0.0,0.0135,0.0,0.0405,0.0135,0.0,0.0676,0.0541,0.1486,0.0135,0.027,0.0,0.027,0.0,0.0405,0.0811,0.0135,0.0135,0.0135,0.0,0.0405,0.027,0.0135,0.027,0.0
bible_BKR_L.txt,1404,33,199,2,9,1,21,1,13,77,112,155,3,5,71,9,0,21,494,20,4,5,9,87,29,7,9,8,0.0235,0.1417,0.0014,0.0064,0.0007,0.015,0.0007,0.0093,0.0548,0.0798,0.1104,0.0021,0.0036,0.0506,0.0064,0.0,0.015,0.3519,0.0142,0.0028,0.0036,0.0064,0.062,0.0207,0.005,0.0064,0.0057
bible_BKR_Lv.txt,1044,1,163,23,25,0,38,0,12,105,49,60,9,1,2,12,0,2,288,31,7,3,37,90,6,72,8,0,0.001,0.1561,0.022,0.0239,0.0,0.0364,0.0,0.0115,0.1006,0.0469,0.0575,0.0086,0.001,0.0019,0.0115,0.0,0.0019,0.2759,0.0297,0.0067,0.0029,0.0354,0.0862,0.0057,0.069,0.0077,0.0
bible_BKR_Mal.txt,100,1,14,0,1,0,1,0,0,4,14,16,0,1,12,3,0,0,13,3,2,1,0,8,2,3,1,0,0.01,0.14,0.0,0.01,0.0,0.01,0.0,0.0,0.04,0.14,0.16,0.0,0.01,0.12,0.03,0.0,0.0,0.13,0.03,0.02,0.01,0.0,0.08,0.02,0.03,0.01,0.0
bible_BKR_Mi.txt,155,1,38,0,0,0,2,0,0,6,25,6,0,2,12,3,0,3,28,5,1,2,1,13,0,5,0,2,0.0065,0.2452,0.0,0.0,0.0,0.0129,0.0,0.0,0.0387,0.1613,0.0387,0.0,0.0129,0.0774,0.0194,0.0,0.0194,0.1806,0.0323,0.0065,0.0129,0.0065,0.0839,0.0,0.0323,0.0,0.0129
bible_BKR_Mk.txt,905,18,117,3,4,0,20,0,2,40,78,77,2,2,57,9,0,11,366,10,1,3,3,67,12,0,2,1,0.0199,0.1293,0.0033,0.0044,0.0,0.0221,0.0,0.0022,0.0442,0.0862,0.0851,0.0022,0.0022,0.063,0.0099,0.0,0.0122,0.4044,0.011,0.0011,0.0033,0.0033,0.074,0.0133,0.0,0.0022,0.0011
bible_BKR_Mt.txt,1376,27,216,4,4,6,30,1,13,77,100,123,3,6,84,15,0,31,472,25,4,10,2,81,17,5,12,8,0.0196,0.157,0.0029,0.0029,0.0044,0.0218,0.0007,0.0094,0.056,0.0727,0.0894,0.0022,0.0044,0.061,0.0109,0.0,0.0225,0.343,0.0182,0.0029,0.0073,0.0015,0.0589,0.0124,0.0036,0.0087,0.0058
bible_BKR_Na.txt,64,0,6,0,0,0,1,0,0,9,14,2,0,0,6,2,0,0,14,4,0,1,1,2,1,0,0,1,0.0,0.0938,0.0,0.0,0.0,0.0156,0.0,0.0,0.1406,0.2188,0.0312,0.0,0.0,0.0938,0.0312,0.0,0.0,0.2188,0.0625,0.0,0.0156,0.0156,0.0312,0.0156,0.0,0.0,0.0156
bible_BKR_Neh.txt,427,8,29,0,2,0,1,0,1,11,33,14,0,0,9,69,0,3,159,0,1,8,6,51,5,17,0,0,0.0187,0.0679,0.0,0.0047,0.0,0.0023,0.0,0.0023,0.0258,0.0773,0.0328,0.0,0.0,0.0211,0.1616,0.0,0.007,0.3724,0.0,0.0023,0.0187,0.0141,0.1194,0.0117,0.0398,0.0,0.0
bible_BKR_Nu.txt,1488,6,180,4,6,0,16,0,26,64,64,51,3,0,31,201,0,17,581,11,4,7,28,94,13,65,16,0,0.004,0.121,0.0027,0.004,0.0,0.0108,0.0,0.0175,0.043,0.043,0.0343,0.002,0.0,0.0208,0.1351,0.0,0.0114,0.3905,0.0074,0.0027,0.0047,0.0188,0.0632,0.0087,0.0437,0.0108,0.0
bible_BKR_Oz.txt,274,1,40,2,0,0,1,2,2,26,45,6,1,1,4,4,0,3,72,10,3,5,3,33,0,7,1,2,0.0036,0.146,0.0073,0.0,0.0,0.0036,0.0073,0.0073,0.0949,0.1642,0.0219,0.0036,0.0036,0.0146,0.0146,0.0,0.0109,0.2628,0.0365,0.0109,0.0182,0.0109,0.1204,0.0,0.0255,0.0036,0.0073
bible_BKR_Pis.txt,163,0,28,0,0,0,0,0,5,5,38,7,1,0,9,5,0,1,55,1,0,0,0,8,0,0,0,0,0.0,0.1718,0.0,0.0,0.0,0.0,0.0,0.0307,0.0307,0.2331,0.0429,0.0061,0.0,0.0552,0.0307,0.0,0.0061,0.3374,0.0061,0.0,0.0,0.0,0.0491,0.0,0.0,0.0,0.0
bible_BKR_Pl.txt,198,0,29,0,0,0,5,0,0,23,27,5,1,1,7,7,0,1,69,6,1,1,3,10,1,0,1,0,0.0,0.1465,0.0,0.0,0.0,0.0253,0.0,0.0,0.1162,0.1364,0.0253,0.0051,0.0051,0.0354,0.0354,0.0,0.0051,0.3485,0.0303,0.0051,0.0051,0.0152,0.0505,0.0051,0.0,0.0051,0.0
bible_BKR_Pr.txt,940,20,153,1,33,0,33,5,6,100,148,35,2,10,25,27,0,7,207,38,27,5,5,37,8,1,6,1,0.0213,0.1628,0.0011,0.0351,0.0,0.0351,0.0053,0.0064,0.1064,0.1574,0.0372,0.0021,0.0106,0.0266,0.0287,0.0,0.0074,0.2202,0.0404,0.0287,0.0053,0.0053,0.0394,0.0085,0.0011,0.0064,0.0011
bible_BKR_R.txt,516,39,85,2,4,0,17,1,1,31,73,26,16,5,36,19,3,11,53,12,7,0,0,57,5,10,3,0,0.0756,0.1647,0.0039,0.0078,0.0,0.0329,0.0019,0.0019,0.0601,0.1415,0.0504,0.031,0.0097,0.0698,0.0368,0.0058,0.0213,0.1027,0.0233,0.0136,0.0,0.0,0.1105,0.0097,0.0194,0.0058,0.0
bible_BKR_Rt.txt,148,3,25,0,0,0,3,1,1,7,1,9,0,0,8,2,0,1,71,0,0,0,1,10,0,4,1,0,0.0203,0.1689,0.0,0.0,0.0,0.0203,0.0068,0.0068,0.0473,0.0068,0.0608,0.0,0.0,0.0541,0.0135,0.0,0.0068,0.4797,0.0,0.0,0.0,0.0068,0.0676,0.0,0.027,0.0068,0.0
bible_BKR_Sd.txt,888,4,86,1,0,0,10,0,3,24,78,53,0,0,37,4,0,21,418,6,0,16,12,78,7,23,7,0,0.0045,0.0968,0.0011,0.0,0.0,0.0113,0.0,0.0034,0.027,0.0878,0.0597,0.0,0.0,0.0417,0.0045,0.0,0.0236,0.4707,0.0068,0.0,0.018,0.0135,0.0878,0.0079,0.0259,0.0079,0.0
bible_BKR_Sf.txt,75,0,9,0,0,0,0,0,2,11,5,3,0,0,0,1,0,1,17,6,1,1,2,7,3,4,0,2,0.0,0.12,0.0,0.0,0.0,0.0,0.0,0.0267,0.1467,0.0667,0.04,0.0,0.0,0.0,0.0133,0.0,0.0133,0.2267,0.08,0.0133,0.0133,0.0267,0.0933,0.04,0.0533,0.0,0.0267
bible_BKR_Sk.txt,1156,36,141,4,3,0,8,0,9,41,77,66,3,1,37,3,1,27,493,9,0,9,26,85,47,19,11,0,0.0311,0.122,0.0035,0.0026,0.0,0.0069,0.0,0.0078,0.0355,0.0666,0.0571,0.0026,0.0009,0.032,0.0026,0.0009,0.0234,0.4265,0.0078,0.0,0.0078,0.0225,0.0735,0.0407,0.0164,0.0095,0.0
bible_BKR_Tit.txt,37,2,8,0,0,0,0,1,0,1,3,6,1,0,0,1,0,1,7,0,0,1,0,4,0,1,0,0,0.0541,0.2162,0.0,0.0,0.0,0.0,0.027,0.0,0.027,0.0811,0.1622,0.027,0.0,0.0,0.027,0.0,0.027,0.1892,0.0,0.0,0.027,0.0,0.1081,0.0,0.027,0.0,0.0
bible_BKR_Z.txt,2813,18,572,3,63,0,25,27,11,241,249,52,13,60,93,130,24,31,756,82,14,38,25,192,24,55,15,0,0.0064,0.2033,0.0011,0.0224,0.0,0.0089,0.0096,0.0039,0.0857,0.0885,0.0185,0.0046,0.0213,0.0331,0.0462,0.0085,0.011,0.2688,0.0292,0.005,0.0135,0.0089,0.0683,0.0085,0.0196,0.0053,0.0
bible_BKR_Za.txt,270,6,33,0,3,0,2,0,1,18,24,22,4,1,14,8,0,4,65,7,1,5,4,19,11,17,0,1,0.0222,0.1222,0.0,0.0111,0.0,0.0074,0.0,0.0037,0.0667,0.0889,0.0815,0.0148,0.0037,0.0519,0.0296,0.0,0.0148,0.2407,0.0259,0.0037,0.0185,0.0148,0.0704,0.0407,0.063,0.0,0.0037
bible_BKR_Zd.txt,294,12,52,0,0,0,9,2,9,20,31,17,7,1,8,2,0,8,50,5,3,3,8,31,2,12,2,0,0.0408,0.1769,0.0,0.0,0.0,0.0306,0.0068,0.0306,0.068,0.1054,0.0578,0.0238,0.0034,0.0272,0.0068,0.0,0.0272,0.1701,0.017,0.0102,0.0102,0.0272,0.1054,0.0068,0.0408,0.0068,0.0
bible_BKR_Zj.txt,532,16,66,0,6,0,20,0,3,21,59,19,8,5,6,13,0,10,179,18,2,15,10,35,10,4,5,2,0.0301,0.1241,0.0,0.0113,0.0,0.0376,0.0,0.0056,0.0395,0.1109,0.0357,0.015,0.0094,0.0113,0.0244,0.0,0.0188,0.3365,0.0338,0.0038,0.0282,0.0188,0.0658,0.0188,0.0075,0.0094,0.0038
