illocutionary_force,file_name,count,total,rate,corpus_mean,corpus_std,zscore,rank
assertive,bible_BKR_1J.txt,83,150,0.5533,0.5529,0.114,0.003,32
assertive,bible_BKR_1K.txt,259,559,0.4633,0.5529,0.114,-0.786,52
assertive,bible_BKR_1Kr.txt,706,1053,0.6705,0.5529,0.114,1.032,12
assertive,bible_BKR_1P.txt,30,94,0.3191,0.5529,0.114,-2.051,65
assertive,bible_BKR_1Pa.txt,844,1007,0.8381,0.5529,0.114,2.502,1
assertive,bible_BKR_1S.txt,851,1304,0.6526,0.5529,0.114,0.875,16
assertive,bible_BKR_1Te.txt,41,82,0.5,0.5529,0.114,-0.464,43
assertive,bible_BKR_1Tm.txt,37,101,0.3663,0.5529,0.114,-1.637,64
assertive,bible_BKR_2J.txt,6,14,0.4286,0.5529,0.114,-1.091,59
assertive,bible_BKR_2K.txt,146,281,0.5196,0.5529,0.114,-0.292,40
assertive,bible_BKR_2Kr.txt,698,1089,0.641,0.5529,0.114,0.773,19
assertive,bible_BKR_2P.txt,19,48,0.3958,0.5529,0.114,-1.378,60
assertive,bible_BKR_2Pa.txt,703,1045,0.6727,0.5529,0.114,1.051,10
assertive,bible_BKR_2S.txt,703,1057,0.6651,0.5529,0.114,0.984,14
assertive,bible_BKR_2Te.txt,17,37,0.4595,0.5529,0.114,-0.82,53
assertive,bible_BKR_2Tm.txt,41,85,0.4824,0.5529,0.114,-0.619,47
assertive,bible_BKR_3J.txt,9,20,0.45,0.5529,0.114,-0.903,55
assertive,bible_BKR_Abd.txt,15,32,0.4688,0.5529,0.114,-0.738,50
assertive,bible_BKR_Abk.txt,42,79,0.5316,0.5529,0.114,-0.187,38
assertive,bible_BKR_Ag.txt,18,47,0.383,0.5529,0.114,-1.491,61
assertive,bible_BKR_Am.txt,84,176,0.4773,0.5529,0.114,-0.663,48
assertive,bible_BKR_Da.txt,274,451,0.6075,0.5529,0.114,0.479,24
assertive,bible_BKR_Dt.txt,454,976,0.4652,0.5529,0.114,-0.77,51
assertive,bible_BKR_Ef.txt,35,95,0.3684,0.5529,0.114,-1.619,63
assertive,bible_BKR_Est.txt,147,219,0.6712,0.5529,0.114,1.038,11
assertive,bible_BKR_Ex.txt,1146,1668,0.6871,0.5529,0.114,1.177,7
assertive,bible_BKR_Ez.txt,894,1500,0.596,0.5529,0.114,0.378,25
assertive,bible_BKR_Ezd.txt,166,257,0.6459,0.5529,0.114,0.816,17
assertive,bible_BKR_Fm.txt,12,21,0.5714,0.5529,0.114,0.162,29
assertive,bible_BKR_Fp.txt,33,89,0.3708,0.5529,0.114,-1.598,62
assertive,bible_BKR_Ga.txt,81,167,0.485,0.5529,0.114,-0.596,45
assertive,bible_BKR_Gn.txt,1685,2268,0.7429,0.5529,0.114,1.667,3
assertive,bible_BKR_Iz.txt,955,1770,0.5395,0.5529,0.114,-0.118,35
assertive,bible_BKR_J.txt,699,1218,0.5739,0.5529,0.114,0.184,28
assertive,bible_BKR_Jb.txt,622,1134,0.5485,0.5529,0.114,-0.039,34
assertive,bible_BKR_Jk.txt,63,143,0.4406,0.5529,0.114,-0.985,56
assertive,bible_BKR_Jl.txt,47,93,0.5054,0.5529,0.114,-0.417,42
assertive,bible_BKR_Jon.txt,44,67,0.6567,0.5529,0.114,0.911,15
assertive,bible_BKR_Joz.txt,556,783,0.7101,0.5529,0.114,1.379,4
assertive,bible_BKR_Jr.txt,807,1715,0.4706,0.5529,0.114,-0.722,49
assertive,bible_BKR_Ju.txt,13,23,0.5652,0.5529,0.114,0.108,30
assertive,bible_BKR_Kaz.txt,151,297,0.5084,0.5529,0.114,-0.391,41
assertive,bible_BKR_Ko.txt,23,74,0.3108,0.5529,0.114,-2.124,66
assertive,bible_BKR_L.txt,808,1404,0.5755,0.5529,0.114,0.198,27
assertive,bible_BKR_Lv.txt,578,1044,0.5536,0.5529,0.114,0.006,31
assertive,bible_BKR_Mal.txt,44,100,0.44,0.5529,0.114,-0.991,57
assertive,bible_BKR_Mi.txt,76,155,0.4903,0.5529,0.114,-0.549,44
assertive,bible_BKR_Mk.txt,565,905,0.6243,0.5529,0.114,0.626,21
assertive,bible_BKR_Mt.txt,756,1376,0.5494,0.5529,0.114,-0.031,33
assertive,bible_BKR_Na.txt,40,64,0.625,0.5529,0.114,0.632,20
assertive,bible_BKR_Neh.txt,330,427,0.7728,0.5529,0.114,1.929,2
assertive,bible_BKR_Nu.txt,1053,1488,0.7077,0.5529,0.114,1.358,5
assertive,bible_BKR_Oz.txt,176,274,0.6423,0.5529,0.114,0.784,18
assertive,bible_BKR_Pis.txt,109,163,0.6687,0.5529,0.114,1.016,13
assertive,bible_BKR_Pl.txt,136,198,0.6869,0.5529,0.114,1.175,8
assertive,bible_BKR_Pr.txt,507,940,0.5394,0.5529,0.114,-0.119,36
assertive,bible_BKR_R.txt,235,516,0.4554,0.5529,0.114,-0.856,54
assertive,bible_BKR_Rt.txt,91,148,0.6149,0.5529,0.114,0.544,23
assertive,bible_BKR_Sd.txt,627,888,0.7061,0.5529,0.114,1.344,6
assertive,bible_BKR_Sf.txt,44,75,0.5867,0.5529,0.114,0.296,26
assertive,bible_BKR_Sk.txt,779,1156,0.6739,0.5529,0.114,1.061,9
assertive,bible_BKR_Tit.txt,16,37,0.4324,0.5529,0.114,-1.057,58
assertive,bible_BKR_Z.txt,1494,2813,0.5311,0.5529,0.114,-0.191,39
assertive,bible_BKR_Za.txt,144,270,0.5333,0.5529,0.114,-0.172,37
assertive,bible_BKR_Zd.txt,142,294,0.483,0.5529,0.114,-0.613,46
assertive,bible_BKR_Zj.txt,330,532,0.6203,0.5529,0.114,0.591,22
commissive,bible_BKR_1J.txt,4,150,0.0267,0.0183,0.0186,0.453,14
commissive,bible_BKR_1K.txt,4,559,0.0072,0.0183,0.0186,-0.596,44
commissive,bible_BKR_1Kr.txt,6,1053,0.0057,0.0183,0.0186,-0.676,46
commissive,bible_BKR_1P.txt,4,94,0.0426,0.0183,0.0186,1.308,8
commissive,bible_BKR_1Pa.txt,4,1007,0.004,0.0183,0.0186,-0.768,52
commissive,bible_BKR_1S.txt,16,1304,0.0123,0.0183,0.0186,-0.321,32
commissive,bible_BKR_1Te.txt,2,82,0.0244,0.0183,0.0186,0.329,19
commissive,bible_BKR_1Tm.txt,2,101,0.0198,0.0183,0.0186,0.082,25
commissive,bible_BKR_2J.txt,1,14,0.0714,0.0183,0.0186,2.856,2
commissive,bible_BKR_2K.txt,7,281,0.0249,0.0183,0.0186,0.356,18
commissive,bible_BKR_2Kr.txt,3,1089,0.0028,0.0183,0.0186,-0.832,54
commissive,bible_BKR_2P.txt,3,48,0.0625,0.0183,0.0186,2.378,3
commissive,bible_BKR_2Pa.txt,1,1045,0.001,0.0183,0.0186,-0.929,57
commissive,bible_BKR_2S.txt,3,1057,0.0028,0.0183,0.0186,-0.832,55
commissive,bible_BKR_2Te.txt,3,37,0.0811,0.0183,0.0186,3.378,1
commissive,bible_BKR_2Tm.txt,5,85,0.0588,0.0183,0.0186,2.179,4
commissive,bible_BKR_3J.txt,0,20,0.0,0.0183,0.0186,-0.983,58
commissive,bible_BKR_Abd.txt,0,32,0.0,0.0183,0.0186,-0.983,59
commissive,bible_BKR_Abk.txt,2,79,0.0253,0.0183,0.0186,0.378,17
commissive,bible_BKR_Ag.txt,1,47,0.0213,0.0183,0.0186,0.163,21
commissive,bible_BKR_Am.txt,1,176,0.0057,0.0183,0.0186,-0.676,47
commissive,bible_BKR_Da.txt,4,451,0.0089,0.0183,0.0186,-0.504,40
commissive,bible_BKR_Dt.txt,25,976,0.0256,0.0183,0.0186,0.394,16
commissive,bible_BKR_Ef.txt,4,95,0.0421,0.0183,0.0186,1.281,9
commissive,bible_BKR_Est.txt,0,219,0.0,0.0183,0.0186,-0.983,60
commissive,bible_BKR_Ex.txt,18,1668,0.0108,0.0183,0.0186,-0.402,37
commissive,bible_BKR_Ez.txt,15,1500,0.01,0.0183,0.0186,-0.445,39
commissive,bible_BKR_Ezd.txt,0,257,0.0,0.0183,0.0186,-0.983,61
commissive,bible_BKR_Fm.txt,1,21,0.0476,0.0183,0.0186,1.577,6
commissive,bible_BKR_Fp.txt,2,89,0.0225,0.0183,0.0186,0.227,20
commissive,bible_BKR_Ga.txt,7,167,0.0419,0.0183,0.0186,1.27,10
commissive,bible_BKR_Gn.txt,42,2268,0.0185,0.0183,0.0186,0.012,27
commissive,bible_BKR_Iz.txt,13,1770,0.0073,0.0183,0.0186,-0.59,43
commissive,bible_BKR_J.txt,14,1218,0.0115,0.0183,0.0186,-0.364,35
commissive,bible_BKR_Jb.txt,14,1134,0.0123,0.0183,0.0186,-0.321,33
commissive,bible_BKR_Jk.txt,0,143,0.0,0.0183,0.0186,-0.983,62
commissive,bible_BKR_Jl.txt,0,93,0.0,0.0183,0.0186,-0.983,63
commissive,bible_BKR_Jon.txt,1,67,0.0149,0.0183,0.0186,-0.182,30
commissive,bible_BKR_Joz.txt,4,783,0.0051,0.0183,0.0186,-0.708,48
commissive,bible_BKR_Jr.txt,8,1715,0.0047,0.0183,0.0186,-0.73,50
commissive,bible_BKR_Ju.txt,1,23,0.0435,0.0183,0.0186,1.356,7
commissive,bible_BKR_Kaz.txt,6,297,0.0202,0.0183,0.0186,0.103,23
commissive,bible_BKR_Ko.txt,1,74,0.0135,0.0183,0.0186,-0.257,31
commissive,bible_BKR_L.txt,17,1404,0.0121,0.0183,0.0186,-0.332,34
commissive,bible_BKR_Lv.txt,21,1044,0.0201,0.0183,0.0186,0.098,24
commissive,bible_BKR_Mal.txt,0,100,0.0,0.0183,0.0186,-0.983,64
commissive,bible_BKR_Mi.txt,0,155,0.0,0.0183,0.0186,-0.983,65
commissive,bible_BKR_Mk.txt,4,905,0.0044,0.0183,0.0186,-0.746,51
commissive,bible_BKR_Mt.txt,22,1376,0.016,0.0183,0.0186,-0.122,29
commissive,bible_BKR_Na.txt,0,64,0.0,0.0183,0.0186,-0.983,66
commissive,bible_BKR_Neh.txt,1,427,0.0023,0.0183,0.0186,-0.859,56
commissive,bible_BKR_Nu.txt,29,1488,0.0195,0.0183,0.0186,0.066,26
commissive,bible_BKR_Oz.txt,3,274,0.0109,0.0183,0.0186,-0.397,36
commissive,bible_BKR_Pis.txt,6,163,0.0368,0.0183,0.0186,0.996,11
commissive,bible_BKR_Pl.txt,1,198,0.0051,0.0183,0.0186,-0.708,49
commissive,bible_BKR_Pr.txt,8,940,0.0085,0.0183,0.0186,-0.526,41
commissive,bible_BKR_R.txt,17,516,0.0329,0.0183,0.0186,0.786,12
commissive,bible_BKR_Rt.txt,1,148,0.0068,0.0183,0.0186,-0.617,45
commissive,bible_BKR_Sd.txt,3,888,0.0034,0.0183,0.0186,-0.8,53
commissive,bible_BKR_Sf.txt,2,75,0.0267,0.0183,0.0186,0.453,15
commissive,bible_BKR_Sk.txt,12,1156,0.0104,0.0183,0.0186,-0.423,38
commissive,bible_BKR_Tit.txt,1,37,0.027,0.0183,0.0186,0.469,13
commissive,bible_BKR_Z.txt,24,2813,0.0085,0.0183,0.0186,-0.526,42
commissive,bible_BKR_Za.txt,5,270,0.0185,0.0183,0.0186,0.012,28
commissive,bible_BKR_Zd.txt,16,294,0.0544,0.0183,0.0186,1.942,5
commissive,bible_BKR_Zj.txt,11,532,0.0207,0.0183,0.0186,0.13,22
declarative,bible_BKR_1J.txt,12,150,0.08,0.1256,0.0621,-0.734,52
declarative,bible_BKR_1K.txt,71,559,0.127,0.1256,0.0621,0.023,29
declarative,bible_BKR_1Kr.txt,176,1053,0.1671,0.1256,0.0621,0.669,13
declarative,bible_BKR_1P.txt,17,94,0.1809,0.1256,0.0621,0.891,12
declarative,bible_BKR_1Pa.txt,84,1007,0.0834,0.1256,0.0621,-0.679,51
declarative,bible_BKR_1S.txt,152,1304,0.1166,0.1256,0.0621,-0.144,34
declarative,bible_BKR_1Te.txt,8,82,0.0976,0.1256,0.0621,-0.45,46
declarative,bible_BKR_1Tm.txt,12,101,0.1188,0.1256,0.0621,-0.109,31
declarative,bible_BKR_2J.txt,1,14,0.0714,0.1256,0.0621,-0.872,54
declarative,bible_BKR_2K.txt,30,281,0.1068,0.1256,0.0621,-0.302,42
declarative,bible_BKR_2Kr.txt,177,1089,0.1625,0.1256,0.0621,0.595,16
declarative,bible_BKR_2P.txt,13,48,0.2708,0.1256,0.0621,2.339,3
declarative,bible_BKR_2Pa.txt,209,1045,0.2,0.1256,0.0621,1.199,10
declarative,bible_BKR_2S.txt,142,1057,0.1343,0.1256,0.0621,0.141,26
declarative,bible_BKR_2Te.txt,6,37,0.1622,0.1256,0.0621,0.59,17
declarative,bible_BKR_2Tm.txt,12,85,0.1412,0.1256,0.0621,0.252,25
declarative,bible_BKR_3J.txt,0,20,0.0,0.1256,0.0621,-2.022,65
declarative,bible_BKR_Abd.txt,3,32,0.0938,0.1256,0.0621,-0.511,47
declarative,bible_BKR_Abk.txt,3,79,0.038,0.1256,0.0621,-1.41,63
declarative,bible_BKR_Ag.txt,13,47,0.2766,0.1256,0.0621,2.433,1
declarative,bible_BKR_Am.txt,26,176,0.1477,0.1256,0.0621,0.357,21
declarative,bible_BKR_Da.txt,91,451,0.2018,0.1256,0.0621,1.228,9
declarative,bible_BKR_Dt.txt,200,976,0.2049,0.1256,0.0621,1.278,7
declarative,bible_BKR_Ef.txt,11,95,0.1158,0.1256,0.0621,-0.157,35
declarative,bible_BKR_Est.txt,32,219,0.1461,0.1256,0.0621,0.331,22
declarative,bible_BKR_Ex.txt,173,1668,0.1037,0.1256,0.0621,-0.352,44
declarative,bible_BKR_Ez.txt,247,1500,0.1647,0.1256,0.0621,0.631,15
declarative,bible_BKR_Ezd.txt,71,257,0.2763,0.1256,0.0621,2.428,2
declarative,bible_BKR_Fm.txt,0,21,0.0,0.1256,0.0621,-2.022,66
declarative,bible_BKR_Fp.txt,19,89,0.2135,0.1256,0.0621,1.416,5
declarative,bible_BKR_Ga.txt,26,167,0.1557,0.1256,0.0621,0.486,18
declarative,bible_BKR_Gn.txt,137,2268,0.0604,0.1256,0.0621,-1.049,58
declarative,bible_BKR_Iz.txt,202,1770,0.1141,0.1256,0.0621,-0.184,36
declarative,bible_BKR_J.txt,183,1218,0.1502,0.1256,0.0621,0.397,19
declarative,bible_BKR_Jb.txt,46,1134,0.0406,0.1256,0.0621,-1.368,62
declarative,bible_BKR_Jk.txt,10,143,0.0699,0.1256,0.0621,-0.896,55
declarative,bible_BKR_Jl.txt,11,93,0.1183,0.1256,0.0621,-0.117,32
declarative,bible_BKR_Jon.txt,5,67,0.0746,0.1256,0.0621,-0.821,53
declarative,bible_BKR_Joz.txt,100,783,0.1277,0.1256,0.0621,0.035,28
declarative,bible_BKR_Jr.txt,285,1715,0.1662,0.1256,0.0621,0.655,14
declarative,bible_BKR_Ju.txt,2,23,0.087,0.1256,0.0621,-0.621,49
declarative,bible_BKR_Kaz.txt,35,297,0.1178,0.1256,0.0621,-0.125,33
declarative,bible_BKR_Ko.txt,15,74,0.2027,0.1256,0.0621,1.243,8
declarative,bible_BKR_L.txt,200,1404,0.1425,0.1256,0.0621,0.273,24
declarative,bible_BKR_Lv.txt,136,1044,0.1303,0.1256,0.0621,0.076,27
declarative,bible_BKR_Mal.txt,21,100,0.21,0.1256,0.0621,1.36,6
declarative,bible_BKR_Mi.txt,14,155,0.0903,0.1256,0.0621,-0.568,48
declarative,bible_BKR_Mk.txt,98,905,0.1083,0.1256,0.0621,-0.278,39
declarative,bible_BKR_Mt.txt,165,1376,0.1199,0.1256,0.0621,-0.091,30
declarative,bible_BKR_Na.txt,3,64,0.0469,0.1256,0.0621,-1.267,60
declarative,bible_BKR_Neh.txt,47,427,0.1101,0.1256,0.0621,-0.249,38
declarative,bible_BKR_Nu.txt,129,1488,0.0867,0.1256,0.0621,-0.626,50
declarative,bible_BKR_Oz.txt,19,274,0.0693,0.1256,0.0621,-0.906,56
declarative,bible_BKR_Pis.txt,7,163,0.0429,0.1256,0.0621,-1.331,61
declarative,bible_BKR_Pl.txt,6,198,0.0303,0.1256,0.0621,-1.534,64
declarative,bible_BKR_Pr.txt,61,940,0.0649,0.1256,0.0621,-0.977,57
declarative,bible_BKR_R.txt,75,516,0.1453,0.1256,0.0621,0.318,23
declarative,bible_BKR_Rt.txt,16,148,0.1081,0.1256,0.0621,-0.281,40
declarative,bible_BKR_Sd.txt,96,888,0.1081,0.1256,0.0621,-0.281,41
declarative,bible_BKR_Sf.txt,8,75,0.1067,0.1256,0.0621,-0.304,43
declarative,bible_BKR_Sk.txt,130,1156,0.1125,0.1256,0.0621,-0.21,37
declarative,bible_BKR_Tit.txt,10,37,0.2703,0.1256,0.0621,2.331,4
declarative,bible_BKR_Z.txt,163,2813,0.0579,0.1256,0.0621,-1.09,59
declarative,bible_BKR_Za.txt,50,270,0.1852,0.1256,0.0621,0.961,11
declarative,bible_BKR_Zd.txt,44,294,0.1497,0.1256,0.0621,0.389,20
declarative,bible_BKR_Zj.txt,54,532,0.1015,0.1256,0.0621,-0.387,45
directive,bible_BKR_1J.txt,41,150,0.2733,0.2591,0.0809,0.176,30
directive,bible_BKR_1K.txt,195,559,0.3488,0.2591,0.0809,1.11,11
directive,bible_BKR_1Kr.txt,157,1053,0.1491,0.2591,0.0809,-1.36,62
directive,bible_BKR_1P.txt,37,94,0.3936,0.2591,0.0809,1.664,4
directive,bible_BKR_1Pa.txt,61,1007,0.0606,0.2591,0.0809,-2.454,66
directive,bible_BKR_1S.txt,271,1304,0.2078,0.2591,0.0809,-0.634,50
directive,bible_BKR_1Te.txt,24,82,0.2927,0.2591,0.0809,0.416,21
directive,bible_BKR_1Tm.txt,40,101,0.396,0.2591,0.0809,1.694,3
directive,bible_BKR_2J.txt,5,14,0.3571,0.2591,0.0809,1.212,8
directive,bible_BKR_2K.txt,78,281,0.2776,0.2591,0.0809,0.229,26
directive,bible_BKR_2Kr.txt,205,1089,0.1882,0.2591,0.0809,-0.876,54
directive,bible_BKR_2P.txt,12,48,0.25,0.2591,0.0809,-0.112,36
directive,bible_BKR_2Pa.txt,127,1045,0.1215,0.2591,0.0809,-1.701,63
directive,bible_BKR_2S.txt,202,1057,0.1911,0.2591,0.0809,-0.84,53
directive,bible_BKR_2Te.txt,9,37,0.2432,0.2591,0.0809,-0.196,39
directive,bible_BKR_2Tm.txt,22,85,0.2588,0.2591,0.0809,-0.003,34
directive,bible_BKR_3J.txt,7,20,0.35,0.2591,0.0809,1.125,10
directive,bible_BKR_Abd.txt,11,32,0.3438,0.2591,0.0809,1.048,13
directive,bible_BKR_Abk.txt,23,79,0.2911,0.2591,0.0809,0.396,22
directive,bible_BKR_Ag.txt,15,47,0.3191,0.2591,0.0809,0.743,15
directive,bible_BKR_Am.txt,54,176,0.3068,0.2591,0.0809,0.59,19
directive,bible_BKR_Da.txt,72,451,0.1596,0.2591,0.0809,-1.23,60
directive,bible_BKR_Dt.txt,267,976,0.2736,0.2591,0.0809,0.18,29
directive,bible_BKR_Ef.txt,38,95,0.4,0.2591,0.0809,1.743,2
directive,bible_BKR_Est.txt,37,219,0.1689,0.2591,0.0809,-1.115,58
directive,bible_BKR_Ex.txt,287,1668,0.1721,0.2591,0.0809,-1.075,57
directive,bible_BKR_Ez.txt,310,1500,0.2067,0.2591,0.0809,-0.647,51
directive,bible_BKR_Ezd.txt,17,257,0.0661,0.2591,0.0809,-2.386,65
directive,bible_BKR_Fm.txt,8,21,0.381,0.2591,0.0809,1.508,6
directive,bible_BKR_Fp.txt,31,89,0.3483,0.2591,0.0809,1.104,12
directive,bible_BKR_Ga.txt,46,167,0.2754,0.2591,0.0809,0.202,27
directive,bible_BKR_Gn.txt,381,2268,0.168,0.2591,0.0809,-1.126,59
directive,bible_BKR_Iz.txt,487,1770,0.2751,0.2591,0.0809,0.198,28
directive,bible_BKR_J.txt,284,1218,0.2332,0.2591,0.0809,-0.32,44
directive,bible_BKR_Jb.txt,368,1134,0.3245,0.2591,0.0809,0.809,14
directive,bible_BKR_Jk.txt,59,143,0.4126,0.2591,0.0809,1.899,1
directive,bible_BKR_Jl.txt,33,93,0.3548,0.2591,0.0809,1.184,9
directive,bible_BKR_Jon.txt,17,67,0.2537,0.2591,0.0809,-0.066,35
directive,bible_BKR_Joz.txt,118,783,0.1507,0.2591,0.0809,-1.34,61
directive,bible_BKR_Jr.txt,546,1715,0.3184,0.2591,0.0809,0.734,16
directive,bible_BKR_Ju.txt,6,23,0.2609,0.2591,0.0809,0.023,33
directive,bible_BKR_Kaz.txt,93,297,0.3131,0.2591,0.0809,0.668,17
directive,bible_BKR_Ko.txt,29,74,0.3919,0.2591,0.0809,1.643,5
directive,bible_BKR_L.txt,332,1404,0.2365,0.2591,0.0809,-0.279,43
directive,bible_BKR_Lv.txt,257,1044,0.2462,0.2591,0.0809,-0.159,38
directive,bible_BKR_Mal.txt,30,100,0.3,0.2591,0.0809,0.506,20
directive,bible_BKR_Mi.txt,58,155,0.3742,0.2591,0.0809,1.424,7
directive,bible_BKR_Mk.txt,217,905,0.2398,0.2591,0.0809,-0.238,41
directive,bible_BKR_Mt.txt,390,1376,0.2834,0.2591,0.0809,0.301,23
directive,bible_BKR_Na.txt,17,64,0.2656,0.2591,0.0809,0.081,31
directive,bible_BKR_Neh.txt,41,427,0.096,0.2591,0.0809,-2.016,64
directive,bible_BKR_Nu.txt,258,1488,0.1734,0.2591,0.0809,-1.059,56
directive,bible_BKR_Oz.txt,59,274,0.2153,0.2591,0.0809,-0.541,48
directive,bible_BKR_Pis.txt,39,163,0.2393,0.2591,0.0809,-0.244,42
directive,bible_BKR_Pl.txt,46,198,0.2323,0.2591,0.0809,-0.331,45
directive,bible_BKR_Pr.txt,248,940,0.2638,0.2591,0.0809,0.059,32
directive,bible_BKR_R.txt,161,516,0.312,0.2591,0.0809,0.655,18
directive,bible_BKR_Rt.txt,37,148,0.25,0.2591,0.0809,-0.112,37
directive,bible_BKR_Sd.txt,160,888,0.1802,0.2591,0.0809,-0.975,55
directive,bible_BKR_Sf.txt,16,75,0.2133,0.2591,0.0809,-0.566,49
directive,bible_BKR_Sk.txt,225,1156,0.1946,0.2591,0.0809,-0.797,52
directive,bible_BKR_Tit.txt,9,37,0.2432,0.2591,0.0809,-0.196,40
directive,bible_BKR_Z.txt,796,2813,0.283,0.2591,0.0809,0.296,24
directive,bible_BKR_Za.txt,60,270,0.2222,0.2591,0.0809,-0.456,47
directive,bible_BKR_Zd.txt,82,294,0.2789,0.2591,0.0809,0.245,25
directive,bible_BKR_Zj.txt,120,532,0.2256,0.2591,0.0809,-0.414,46
expressive,bible_BKR_1J.txt,4,150,0.0267,0.0241,0.0214,0.122,28
expressive,bible_BKR_1K.txt,12,559,0.0215,0.0241,0.0214,-0.121,30
expressive,bible_BKR_1Kr.txt,6,1053,0.0057,0.0241,0.0214,-0.861,53
expressive,bible_BKR_1P.txt,4,94,0.0426,0.0241,0.0214,0.866,11
expressive,bible_BKR_1Pa.txt,10,1007,0.0099,0.0241,0.0214,-0.664,43
expressive,bible_BKR_1S.txt,9,1304,0.0069,0.0241,0.0214,-0.804,50
expressive,bible_BKR_1Te.txt,5,82,0.061,0.0241,0.0214,1.727,7
expressive,bible_BKR_1Tm.txt,7,101,0.0693,0.0241,0.0214,2.115,4
expressive,bible_BKR_2J.txt,1,14,0.0714,0.0241,0.0214,2.213,3
expressive,bible_BKR_2K.txt,10,281,0.0356,0.0241,0.0214,0.538,16
expressive,bible_BKR_2Kr.txt,1,1089,0.0009,0.0241,0.0214,-1.085,59
expressive,bible_BKR_2P.txt,0,48,0.0,0.0241,0.0214,-1.127,60
expressive,bible_BKR_2Pa.txt,3,1045,0.0029,0.0241,0.0214,-0.992,57
expressive,bible_BKR_2S.txt,5,1057,0.0047,0.0241,0.0214,-0.907,55
expressive,bible_BKR_2Te.txt,1,37,0.027,0.0241,0.0214,0.136,26
expressive,bible_BKR_2Tm.txt,3,85,0.0353,0.0241,0.0214,0.524,18
expressive,bible_BKR_3J.txt,1,20,0.05,0.0241,0.0214,1.212,9
expressive,bible_BKR_Abd.txt,1,32,0.0312,0.0241,0.0214,0.333,21
expressive,bible_BKR_Abk.txt,6,79,0.0759,0.0241,0.0214,2.424,2
expressive,bible_BKR_Ag.txt,0,47,0.0,0.0241,0.0214,-1.127,61
expressive,bible_BKR_Am.txt,5,176,0.0284,0.0241,0.0214,0.202,24
expressive,bible_BKR_Da.txt,8,451,0.0177,0.0241,0.0214,-0.299,35
expressive,bible_BKR_Dt.txt,8,976,0.0082,0.0241,0.0214,-0.744,46
expressive,bible_BKR_Ef.txt,5,95,0.0526,0.0241,0.0214,1.334,8
expressive,bible_BKR_Est.txt,2,219,0.0091,0.0241,0.0214,-0.701,44
expressive,bible_BKR_Ex.txt,22,1668,0.0132,0.0241,0.0214,-0.51,40
expressive,bible_BKR_Ez.txt,19,1500,0.0127,0.0241,0.0214,-0.533,41
expressive,bible_BKR_Ezd.txt,2,257,0.0078,0.0241,0.0214,-0.762,48
expressive,bible_BKR_Fm.txt,0,21,0.0,0.0241,0.0214,-1.127,62
expressive,bible_BKR_Fp.txt,4,89,0.0449,0.0241,0.0214,0.974,10
expressive,bible_BKR_Ga.txt,3,167,0.018,0.0241,0.0214,-0.285,34
expressive,bible_BKR_Gn.txt,11,2268,0.0049,0.0241,0.0214,-0.898,54
expressive,bible_BKR_Iz.txt,63,1770,0.0356,0.0241,0.0214,0.538,17
expressive,bible_BKR_J.txt,10,1218,0.0082,0.0241,0.0214,-0.744,47
expressive,bible_BKR_Jb.txt,35,1134,0.0309,0.0241,0.0214,0.319,22
expressive,bible_BKR_Jk.txt,6,143,0.042,0.0241,0.0214,0.838,12
expressive,bible_BKR_Jl.txt,2,93,0.0215,0.0241,0.0214,-0.121,31
expressive,bible_BKR_Jon.txt,0,67,0.0,0.0241,0.0214,-1.127,63
expressive,bible_BKR_Joz.txt,2,783,0.0026,0.0241,0.0214,-1.006,58
expressive,bible_BKR_Jr.txt,28,1715,0.0163,0.0241,0.0214,-0.365,38
expressive,bible_BKR_Ju.txt,0,23,0.0,0.0241,0.0214,-1.127,64
expressive,bible_BKR_Kaz.txt,5,297,0.0168,0.0241,0.0214,-0.341,36
expressive,bible_BKR_Ko.txt,5,74,0.0676,0.0241,0.0214,2.036,5
expressive,bible_BKR_L.txt,27,1404,0.0192,0.0241,0.0214,-0.229,33
expressive,bible_BKR_Lv.txt,33,1044,0.0316,0.0241,0.0214,0.351,20
expressive,bible_BKR_Mal.txt,4,100,0.04,0.0241,0.0214,0.744,13
expressive,bible_BKR_Mi.txt,5,155,0.0323,0.0241,0.0214,0.384,19
expressive,bible_BKR_Mk.txt,8,905,0.0088,0.0241,0.0214,-0.715,45
expressive,bible_BKR_Mt.txt,23,1376,0.0167,0.0241,0.0214,-0.346,37
expressive,bible_BKR_Na.txt,1,64,0.0156,0.0241,0.0214,-0.397,39
expressive,bible_BKR_Neh.txt,3,427,0.007,0.0241,0.0214,-0.8,49
expressive,bible_BKR_Nu.txt,10,1488,0.0067,0.0241,0.0214,-0.814,52
expressive,bible_BKR_Oz.txt,8,274,0.0292,0.0241,0.0214,0.239,23
expressive,bible_BKR_Pis.txt,0,163,0.0,0.0241,0.0214,-1.127,65
expressive,bible_BKR_Pl.txt,2,198,0.0101,0.0241,0.0214,-0.655,42
expressive,bible_BKR_Pr.txt,76,940,0.0809,0.0241,0.0214,2.658,1
expressive,bible_BKR_R.txt,20,516,0.0388,0.0241,0.0214,0.688,15
expressive,bible_BKR_Rt.txt,1,148,0.0068,0.0241,0.0214,-0.809,51
expressive,bible_BKR_Sd.txt,0,888,0.0,0.0241,0.0214,-1.127,66
expressive,bible_BKR_Sf.txt,3,75,0.04,0.0241,0.0214,0.744,14
expressive,bible_BKR_Sk.txt,5,1156,0.0043,0.0241,0.0214,-0.926,56
expressive,bible_BKR_Tit.txt,1,37,0.027,0.0241,0.0214,0.136,27
expressive,bible_BKR_Z.txt,188,2813,0.0668,0.0241,0.0214,1.998,6
expressive,bible_BKR_Za.txt,6,270,0.0222,0.0241,0.0214,-0.089,29
expressive,bible_BKR_Zd.txt,6,294,0.0204,0.0241,0.0214,-0.173,32
expressive,bible_BKR_Zj.txt,15,532,0.0282,0.0241,0.0214,0.192,25
unknown,bible_BKR_1J.txt,6,150,0.04,0.0201,0.0221,0.899,8
unknown,bible_BKR_1K.txt,18,559,0.0322,0.0201,0.0221,0.547,15
unknown,bible_BKR_1Kr.txt,2,1053,0.0019,0.0201,0.0221,-0.822,57
unknown,bible_BKR_1P.txt,2,94,0.0213,0.0201,0.0221,0.054,27
unknown,bible_BKR_1Pa.txt,4,1007,0.004,0.0201,0.0221,-0.728,51
unknown,bible_BKR_1S.txt,5,1304,0.0038,0.0201,0.0221,-0.737,53
unknown,bible_BKR_1Te.txt,2,82,0.0244,0.0201,0.0221,0.194,20
unknown,bible_BKR_1Tm.txt,3,101,0.0297,0.0201,0.0221,0.434,16
unknown,bible_BKR_2J.txt,0,14,0.0,0.0201,0.0221,-0.908,60
unknown,bible_BKR_2K.txt,10,281,0.0356,0.0201,0.0221,0.7,10
unknown,bible_BKR_2Kr.txt,5,1089,0.0046,0.0201,0.0221,-0.7,47
unknown,bible_BKR_2P.txt,1,48,0.0208,0.0201,0.0221,0.032,29
unknown,bible_BKR_2Pa.txt,2,1045,0.0019,0.0201,0.0221,-0.822,58
unknown,bible_BKR_2S.txt,2,1057,0.0019,0.0201,0.0221,-0.822,59
unknown,bible_BKR_2Te.txt,1,37,0.027,0.0201,0.0221,0.312,18
unknown,bible_BKR_2Tm.txt,2,85,0.0235,0.0201,0.0221,0.154,24
unknown,bible_BKR_3J.txt,3,20,0.15,0.0201,0.0221,5.87,1
unknown,bible_BKR_Abd.txt,2,32,0.0625,0.0201,0.0221,1.916,2
unknown,bible_BKR_Abk.txt,3,79,0.038,0.0201,0.0221,0.809,9
unknown,bible_BKR_Ag.txt,0,47,0.0,0.0201,0.0221,-0.908,61
unknown,bible_BKR_Am.txt,6,176,0.0341,0.0201,0.0221,0.633,13
unknown,bible_BKR_Da.txt,2,451,0.0044,0.0201,0.0221,-0.709,49
unknown,bible_BKR_Dt.txt,22,976,0.0225,0.0201,0.0221,0.108,26
unknown,bible_BKR_Ef.txt,2,95,0.0211,0.0201,0.0221,0.045,28
unknown,bible_BKR_Est.txt,1,219,0.0046,0.0201,0.0221,-0.7,48
unknown,bible_BKR_Ex.txt,22,1668,0.0132,0.0201,0.0221,-0.312,39
unknown,bible_BKR_Ez.txt,15,1500,0.01,0.0201,0.0221,-0.456,43
unknown,bible_BKR_Ezd.txt,1,257,0.0039,0.0201,0.0221,-0.732,52
unknown,bible_BKR_Fm.txt,0,21,0.0,0.0201,0.0221,-0.908,62
unknown,bible_BKR_Fp.txt,0,89,0.0,0.0201,0.0221,-0.908,63
unknown,bible_BKR_Ga.txt,4,167,0.024,0.0201,0.0221,0.176,21
unknown,bible_BKR_Gn.txt,12,2268,0.0053,0.0201,0.0221,-0.669,46
unknown,bible_BKR_Iz.txt,50,1770,0.0282,0.0201,0.0221,0.366,17
unknown,bible_BKR_J.txt,28,1218,0.023,0.0201,0.0221,0.131,25
unknown,bible_BKR_Jb.txt,49,1134,0.0432,0.0201,0.0221,1.044,6
unknown,bible_BKR_Jk.txt,5,143,0.035,0.0201,0.0221,0.673,12
unknown,bible_BKR_Jl.txt,0,93,0.0,0.0201,0.0221,-0.908,64
unknown,bible_BKR_Jon.txt,0,67,0.0,0.0201,0.0221,-0.908,65
unknown,bible_BKR_Joz.txt,3,783,0.0038,0.0201,0.0221,-0.737,54
unknown,bible_BKR_Jr.txt,41,1715,0.0239,0.0201,0.0221,0.172,22
unknown,bible_BKR_Ju.txt,1,23,0.0435,0.0201,0.0221,1.057,5
unknown,bible_BKR_Kaz.txt,7,297,0.0236,0.0201,0.0221,0.158,23
unknown,bible_BKR_Ko.txt,1,74,0.0135,0.0201,0.0221,-0.298,37
unknown,bible_BKR_L.txt,20,1404,0.0142,0.0201,0.0221,-0.267,35
unknown,bible_BKR_Lv.txt,19,1044,0.0182,0.0201,0.0221,-0.086,31
unknown,bible_BKR_Mal.txt,1,100,0.01,0.0201,0.0221,-0.456,44
unknown,bible_BKR_Mi.txt,2,155,0.0129,0.0201,0.0221,-0.325,40
unknown,bible_BKR_Mk.txt,13,905,0.0144,0.0201,0.0221,-0.258,34
unknown,bible_BKR_Mt.txt,20,1376,0.0145,0.0201,0.0221,-0.253,33
unknown,bible_BKR_Na.txt,3,64,0.0469,0.0201,0.0221,1.211,4
unknown,bible_BKR_Neh.txt,5,427,0.0117,0.0201,0.0221,-0.38,42
unknown,bible_BKR_Nu.txt,9,1488,0.006,0.0201,0.0221,-0.637,45
unknown,bible_BKR_Oz.txt,9,274,0.0328,0.0201,0.0221,0.574,14
unknown,bible_BKR_Pis.txt,2,163,0.0123,0.0201,0.0221,-0.352,41
unknown,bible_BKR_Pl.txt,7,198,0.0354,0.0201,0.0221,0.691,11
unknown,bible_BKR_Pr.txt,40,940,0.0426,0.0201,0.0221,1.017,7
unknown,bible_BKR_R.txt,8,516,0.0155,0.0201,0.0221,-0.208,32
unknown,bible_BKR_Rt.txt,2,148,0.0135,0.0201,0.0221,-0.298,38
unknown,bible_BKR_Sd.txt,2,888,0.0023,0.0201,0.0221,-0.804,56
unknown,bible_BKR_Sf.txt,2,75,0.0267,0.0201,0.0221,0.298,19
unknown,bible_BKR_Sk.txt,5,1156,0.0043,0.0201,0.0221,-0.714,50
unknown,bible_BKR_Tit.txt,0,37,0.0,0.0201,0.0221,-0.908,66
unknown,bible_BKR_Z.txt,148,2813,0.0526,0.0201,0.0221,1.469,3
unknown,bible_BKR_Za.txt,5,270,0.0185,0.0201,0.0221,-0.072,30
unknown,bible_BKR_Zd.txt,4,294,0.0136,0.0201,0.0221,-0.294,36
unknown,bible_BKR_Zj.txt,2,532,0.0038,0.0201,0.0221,-0.737,55
